Path,Filename,Subject,Modality,Win len,Overlap Percent,Assumed fs,Start_i,End_i,Start_t,End_t,Label
s_002/tobii,s_002.csv,s_002,tobii,3.0,25.0,,0,180,0.0,3.0,central_position
s_002/tobii,s_002.csv,s_002,tobii,3.0,25.0,,135,315,2.25,5.25,central_position
s_002/tobii,s_002.csv,s_002,tobii,3.0,25.0,,270,449,4.5,7.5,central_position
s_002/tobii,s_002.csv,s_002,tobii,3.0,25.0,,406,584,6.75,9.75,central_position
s_002/tobii,s_002.csv,s_002,tobii,3.0,25.0,,539,720,9.0,12.0,central_position
s_002/tobii,s_002.csv,s_002,tobii,3.0,25.0,,675,854,11.25,14.25,central_position
s_002/tobii,s_002.csv,s_002,tobii,3.0,25.0,,810,990,13.5,16.5,central_position
s_002/tobii,s_002.csv,s_002,tobii,3.0,25.0,,945,1125,15.75,18.75,central_position
s_002/tobii,s_002.csv,s_002,tobii,3.0,25.0,,1215,1395,20.25,23.25,questionnaire
s_002/tobii,s_002.csv,s_002,tobii,3.0,25.0,,1350,1531,22.5,25.5,questionnaire
s_002/tobii,s_002.csv,s_002,tobii,3.0,25.0,,1485,1666,24.75,27.75,questionnaire
s_002/tobii,s_002.csv,s_002,tobii,3.0,25.0,,1621,1801,27.0,30.0,questionnaire
s_002/tobii,s_002.csv,s_002,tobii,3.0,25.0,,1756,1935,29.25,32.25,questionnaire
s_002/tobii,s_002.csv,s_002,tobii,3.0,25.0,,1890,2070,31.5,34.5,questionnaire
s_002/tobii,s_002.csv,s_002,tobii,3.0,25.0,,2025,2205,33.75,36.75,questionnaire
s_002/tobii,s_002.csv,s_002,tobii,3.0,25.0,,2160,2339,36.0,39.0,questionnaire
s_002/tobii,s_002.csv,s_002,tobii,3.0,25.0,,2294,2475,38.25,41.25,questionnaire
s_002/tobii,s_002.csv,s_002,tobii,3.0,25.0,,2429,2609,40.5,43.5,questionnaire
s_002/tobii,s_002.csv,s_002,tobii,3.0,25.0,,2564,2744,42.75,45.75,questionnaire
s_002/tobii,s_002.csv,s_002,tobii,3.0,25.0,,2698,2879,45.0,48.0,questionnaire
s_002/tobii,s_002.csv,s_002,tobii,3.0,25.0,,2834,3012,47.25,50.25,questionnaire
s_002/tobii,s_002.csv,s_002,tobii,3.0,25.0,,2968,3146,49.5,52.5,questionnaire
s_002/tobii,s_002.csv,s_002,tobii,3.0,25.0,,3101,3280,51.75,54.75,questionnaire
s_002/tobii,s_002.csv,s_002,tobii,3.0,25.0,,3235,3416,54.0,57.0,questionnaire
s_002/tobii,s_002.csv,s_002,tobii,3.0,25.0,,3370,3550,56.25,59.25,questionnaire
s_002/tobii,s_002.csv,s_002,tobii,3.0,25.0,,3505,3683,58.5,61.5,questionnaire
s_002/tobii,s_002.csv,s_002,tobii,3.0,25.0,,3639,3818,60.75,63.75,questionnaire
s_002/tobii,s_002.csv,s_002,tobii,3.0,25.0,,3773,3953,63.0,66.0,questionnaire
s_002/tobii,s_002.csv,s_002,tobii,3.0,25.0,,3908,4088,65.25,68.25,questionnaire
s_002/tobii,s_002.csv,s_002,tobii,3.0,25.0,,4043,4223,67.5,70.5,questionnaire
s_002/tobii,s_002.csv,s_002,tobii,3.0,25.0,,4178,4359,69.75,72.75,questionnaire
s_002/tobii,s_002.csv,s_002,tobii,3.0,25.0,,4313,4493,72.0,75.0,questionnaire
s_002/tobii,s_002.csv,s_002,tobii,3.0,25.0,,4448,4629,74.25,77.25,questionnaire
s_002/tobii,s_002.csv,s_002,tobii,3.0,25.0,,4584,4764,76.5,79.5,questionnaire
s_002/tobii,s_002.csv,s_002,tobii,3.0,25.0,,4719,4899,78.75,81.75,questionnaire
s_002/tobii,s_002.csv,s_002,tobii,3.0,25.0,,4854,5034,81.0,84.0,questionnaire
s_002/tobii,s_002.csv,s_002,tobii,3.0,25.0,,4989,5169,83.25,86.25,questionnaire
s_002/tobii,s_002.csv,s_002,tobii,3.0,25.0,,5124,5304,85.5,88.5,questionnaire
s_002/tobii,s_002.csv,s_002,tobii,3.0,25.0,,5259,5439,87.75,90.75,questionnaire
s_002/tobii,s_002.csv,s_002,tobii,3.0,25.0,,5394,5575,90.0,93.0,questionnaire
s_002/tobii,s_002.csv,s_002,tobii,3.0,25.0,,5529,5710,92.25,95.25,questionnaire
s_002/tobii,s_002.csv,s_002,tobii,3.0,25.0,,5665,5845,94.5,97.5,questionnaire
s_002/tobii,s_002.csv,s_002,tobii,3.0,25.0,,5800,5967,96.75,99.75,questionnaire
s_002/tobii,s_002.csv,s_002,tobii,3.0,25.0,,5928,6101,99.0,102.0,questionnaire
s_002/tobii,s_002.csv,s_002,tobii,3.0,25.0,,6056,6236,101.25,104.25,questionnaire
s_002/tobii,s_002.csv,s_002,tobii,3.0,25.0,,6191,6372,103.5,106.5,questionnaire
s_002/tobii,s_002.csv,s_002,tobii,3.0,25.0,,6327,6507,105.75,108.75,questionnaire
s_002/tobii,s_002.csv,s_002,tobii,3.0,25.0,,6462,6642,108.0,111.0,questionnaire
s_002/tobii,s_002.csv,s_002,tobii,3.0,25.0,,6597,6777,110.25,113.25,questionnaire
s_002/tobii,s_002.csv,s_002,tobii,3.0,25.0,,6732,6913,112.5,115.5,questionnaire
s_002/tobii,s_002.csv,s_002,tobii,3.0,25.0,,6868,7048,114.75,117.75,questionnaire
s_002/tobii,s_002.csv,s_002,tobii,3.0,25.0,,7003,7183,117.0,120.0,questionnaire
s_002/tobii,s_002.csv,s_002,tobii,3.0,25.0,,7138,7318,119.25,122.25,questionnaire
s_002/tobii,s_002.csv,s_002,tobii,3.0,25.0,,7273,7453,121.5,124.5,questionnaire
s_002/tobii,s_002.csv,s_002,tobii,3.0,25.0,,7408,7589,123.75,126.75,questionnaire
s_002/tobii,s_002.csv,s_002,tobii,3.0,25.0,,7543,7724,126.0,129.0,questionnaire
s_002/tobii,s_002.csv,s_002,tobii,3.0,25.0,,7679,7859,128.25,131.25,questionnaire
s_002/tobii,s_002.csv,s_002,tobii,3.0,25.0,,7814,7992,130.5,133.5,questionnaire
s_002/tobii,s_002.csv,s_002,tobii,3.0,25.0,,7948,8127,132.75,135.75,questionnaire
s_002/tobii,s_002.csv,s_002,tobii,3.0,25.0,,8082,8262,135.0,138.0,questionnaire
s_002/tobii,s_002.csv,s_002,tobii,3.0,25.0,,8216,8396,137.25,140.25,questionnaire
s_002/tobii,s_002.csv,s_002,tobii,3.0,25.0,,8351,8531,139.5,142.5,questionnaire
s_002/tobii,s_002.csv,s_002,tobii,3.0,25.0,,8486,8667,141.75,144.75,questionnaire
s_002/tobii,s_002.csv,s_002,tobii,3.0,25.0,,8621,8802,144.0,147.0,questionnaire
s_002/tobii,s_002.csv,s_002,tobii,3.0,25.0,,8757,8937,146.25,149.25,questionnaire
s_002/tobii,s_002.csv,s_002,tobii,3.0,25.0,,8892,9072,148.5,151.5,questionnaire
s_002/tobii,s_002.csv,s_002,tobii,3.0,25.0,,9027,9208,150.75,153.75,questionnaire
s_002/tobii,s_002.csv,s_002,tobii,3.0,25.0,,9162,9343,153.0,156.0,questionnaire
s_002/tobii,s_002.csv,s_002,tobii,3.0,25.0,,9298,9478,155.25,158.25,questionnaire
s_002/tobii,s_002.csv,s_002,tobii,3.0,25.0,,9433,9613,157.5,160.5,questionnaire
s_002/tobii,s_002.csv,s_002,tobii,3.0,25.0,,9568,9748,159.75,162.75,questionnaire
s_002/tobii,s_002.csv,s_002,tobii,3.0,25.0,,9703,9882,162.0,165.0,questionnaire
s_002/tobii,s_002.csv,s_002,tobii,3.0,25.0,,9838,10016,164.25,167.25,questionnaire
s_002/tobii,s_002.csv,s_002,tobii,3.0,25.0,,9972,10152,166.5,169.5,questionnaire
s_002/tobii,s_002.csv,s_002,tobii,3.0,25.0,,10107,10284,168.75,171.75,questionnaire
s_002/tobii,s_002.csv,s_002,tobii,3.0,25.0,,10240,10419,171.0,174.0,questionnaire
s_002/tobii,s_002.csv,s_002,tobii,3.0,25.0,,10509,10689,175.5,178.5,2_back
s_002/tobii,s_002.csv,s_002,tobii,3.0,25.0,,10644,10824,177.75,180.75,2_back
s_002/tobii,s_002.csv,s_002,tobii,3.0,25.0,,10779,10960,180.0,183.0,2_back
s_002/tobii,s_002.csv,s_002,tobii,3.0,25.0,,10914,11095,182.25,185.25,2_back
s_002/tobii,s_002.csv,s_002,tobii,3.0,25.0,,11050,11230,184.5,187.5,2_back
s_002/tobii,s_002.csv,s_002,tobii,3.0,25.0,,11185,11365,186.75,189.75,2_back
s_002/tobii,s_002.csv,s_002,tobii,3.0,25.0,,11320,11500,189.0,192.0,2_back
s_002/tobii,s_002.csv,s_002,tobii,3.0,25.0,,11455,11636,191.25,194.25,2_back
s_002/tobii,s_002.csv,s_002,tobii,3.0,25.0,,11591,11771,193.5,196.5,2_back
s_002/tobii,s_002.csv,s_002,tobii,3.0,25.0,,11726,11906,195.75,198.75,2_back
s_002/tobii,s_002.csv,s_002,tobii,3.0,25.0,,11861,12041,198.0,201.0,2_back
s_002/tobii,s_002.csv,s_002,tobii,3.0,25.0,,11996,12176,200.25,203.25,2_back
s_002/tobii,s_002.csv,s_002,tobii,3.0,25.0,,12131,12312,202.5,205.5,2_back
s_002/tobii,s_002.csv,s_002,tobii,3.0,25.0,,12267,12447,204.75,207.75,2_back
s_002/tobii,s_002.csv,s_002,tobii,3.0,25.0,,12402,12582,207.0,210.0,2_back
s_002/tobii,s_002.csv,s_002,tobii,3.0,25.0,,12537,12717,209.25,212.25,2_back
s_002/tobii,s_002.csv,s_002,tobii,3.0,25.0,,12672,12853,211.5,214.5,2_back
s_002/tobii,s_002.csv,s_002,tobii,3.0,25.0,,12807,12988,213.75,216.75,2_back
s_002/tobii,s_002.csv,s_002,tobii,3.0,25.0,,12943,13123,216.0,219.0,2_back
s_002/tobii,s_002.csv,s_002,tobii,3.0,25.0,,13078,13258,218.25,221.25,2_back
s_002/tobii,s_002.csv,s_002,tobii,3.0,25.0,,13213,13393,220.5,223.5,2_back
s_002/tobii,s_002.csv,s_002,tobii,3.0,25.0,,13348,13529,222.75,225.75,2_back
s_002/tobii,s_002.csv,s_002,tobii,3.0,25.0,,13484,13664,225.0,228.0,2_back
s_002/tobii,s_002.csv,s_002,tobii,3.0,25.0,,13619,13799,227.25,230.25,2_back
s_002/tobii,s_002.csv,s_002,tobii,3.0,25.0,,13754,13934,229.5,232.5,2_back
s_002/tobii,s_002.csv,s_002,tobii,3.0,25.0,,13889,14069,231.75,234.75,2_back
s_002/tobii,s_002.csv,s_002,tobii,3.0,25.0,,14024,14205,234.0,237.0,2_back
s_002/tobii,s_002.csv,s_002,tobii,3.0,25.0,,14160,14340,236.25,239.25,2_back
s_002/tobii,s_002.csv,s_002,tobii,3.0,25.0,,14295,14475,238.5,241.5,2_back
s_002/tobii,s_002.csv,s_002,tobii,3.0,25.0,,14430,14610,240.75,243.75,2_back
s_002/tobii,s_002.csv,s_002,tobii,3.0,25.0,,14565,14746,243.0,246.0,2_back
s_002/tobii,s_002.csv,s_002,tobii,3.0,25.0,,14700,14881,245.25,248.25,2_back
s_002/tobii,s_002.csv,s_002,tobii,3.0,25.0,,14836,15016,247.5,250.5,2_back
s_002/tobii,s_002.csv,s_002,tobii,3.0,25.0,,14971,15151,249.75,252.75,2_back
s_002/tobii,s_002.csv,s_002,tobii,3.0,25.0,,15106,15286,252.0,255.0,2_back
s_002/tobii,s_002.csv,s_002,tobii,3.0,25.0,,15241,15422,254.25,257.25,2_back
s_002/tobii,s_002.csv,s_002,tobii,3.0,25.0,,15377,15555,256.5,259.5,2_back
s_002/tobii,s_002.csv,s_002,tobii,3.0,25.0,,15509,15690,258.75,261.75,2_back
s_002/tobii,s_002.csv,s_002,tobii,3.0,25.0,,15645,15825,261.0,264.0,2_back
s_002/tobii,s_002.csv,s_002,tobii,3.0,25.0,,15780,15960,263.25,266.25,2_back
s_002/tobii,s_002.csv,s_002,tobii,3.0,25.0,,15915,16095,265.5,268.5,2_back
s_002/tobii,s_002.csv,s_002,tobii,3.0,25.0,,16050,16231,267.75,270.75,2_back
s_002/tobii,s_002.csv,s_002,tobii,3.0,25.0,,16186,16366,270.0,273.0,2_back
s_002/tobii,s_002.csv,s_002,tobii,3.0,25.0,,16321,16501,272.25,275.25,2_back
s_002/tobii,s_002.csv,s_002,tobii,3.0,25.0,,16456,16636,274.5,277.5,2_back
s_002/tobii,s_002.csv,s_002,tobii,3.0,25.0,,16591,16772,276.75,279.75,2_back
s_002/tobii,s_002.csv,s_002,tobii,3.0,25.0,,16726,16907,279.0,282.0,2_back
s_002/tobii,s_002.csv,s_002,tobii,3.0,25.0,,16862,17042,281.25,284.25,2_back
s_002/tobii,s_002.csv,s_002,tobii,3.0,25.0,,16997,17177,283.5,286.5,2_back
s_002/tobii,s_002.csv,s_002,tobii,3.0,25.0,,17132,17312,285.75,288.75,2_back
s_002/tobii,s_002.csv,s_002,tobii,3.0,25.0,,17267,17448,288.0,291.0,2_back
s_002/tobii,s_002.csv,s_002,tobii,3.0,25.0,,17403,17583,290.25,293.25,2_back
s_002/tobii,s_002.csv,s_002,tobii,3.0,25.0,,17538,17718,292.5,295.5,2_back
s_002/tobii,s_002.csv,s_002,tobii,3.0,25.0,,17943,18120,299.25,302.25,questionnaire
s_002/tobii,s_002.csv,s_002,tobii,3.0,25.0,,18075,18256,301.5,304.5,questionnaire
s_002/tobii,s_002.csv,s_002,tobii,3.0,25.0,,18211,18391,303.75,306.75,questionnaire
s_002/tobii,s_002.csv,s_002,tobii,3.0,25.0,,18346,18526,306.0,309.0,questionnaire
s_002/tobii,s_002.csv,s_002,tobii,3.0,25.0,,18481,18661,308.25,311.25,questionnaire
s_002/tobii,s_002.csv,s_002,tobii,3.0,25.0,,18616,18797,310.5,313.5,questionnaire
s_002/tobii,s_002.csv,s_002,tobii,3.0,25.0,,18751,18932,312.75,315.75,questionnaire
s_002/tobii,s_002.csv,s_002,tobii,3.0,25.0,,18887,19065,315.0,318.0,questionnaire
s_002/tobii,s_002.csv,s_002,tobii,3.0,25.0,,19020,19200,317.25,320.25,questionnaire
s_002/tobii,s_002.csv,s_002,tobii,3.0,25.0,,19155,19335,319.5,322.5,questionnaire
s_002/tobii,s_002.csv,s_002,tobii,3.0,25.0,,19290,19469,321.75,324.75,questionnaire
s_002/tobii,s_002.csv,s_002,tobii,3.0,25.0,,19424,19602,324.0,327.0,questionnaire
s_002/tobii,s_002.csv,s_002,tobii,3.0,25.0,,19556,19735,326.25,329.25,questionnaire
s_002/tobii,s_002.csv,s_002,tobii,3.0,25.0,,19691,19870,328.5,331.5,questionnaire
s_002/tobii,s_002.csv,s_002,tobii,3.0,25.0,,19825,20006,330.75,333.75,questionnaire
s_002/tobii,s_002.csv,s_002,tobii,3.0,25.0,,19961,20141,333.0,336.0,questionnaire
s_002/tobii,s_002.csv,s_002,tobii,3.0,25.0,,20096,20276,335.25,338.25,questionnaire
s_002/tobii,s_002.csv,s_002,tobii,3.0,25.0,,20231,20411,337.5,340.5,questionnaire
s_002/tobii,s_002.csv,s_002,tobii,3.0,25.0,,20366,20547,339.75,342.75,questionnaire
s_002/tobii,s_002.csv,s_002,tobii,3.0,25.0,,20501,20682,342.0,345.0,questionnaire
s_002/tobii,s_002.csv,s_002,tobii,3.0,25.0,,20637,20817,344.25,347.25,questionnaire
s_002/tobii,s_002.csv,s_002,tobii,3.0,25.0,,20772,20952,346.5,349.5,questionnaire
s_002/tobii,s_002.csv,s_002,tobii,3.0,25.0,,20907,21087,348.75,351.75,questionnaire
s_002/tobii,s_002.csv,s_002,tobii,3.0,25.0,,21042,21223,351.0,354.0,questionnaire
s_002/tobii,s_002.csv,s_002,tobii,3.0,25.0,,21177,21358,353.25,356.25,questionnaire
s_002/tobii,s_002.csv,s_002,tobii,3.0,25.0,,21313,21493,355.5,358.5,questionnaire
s_002/tobii,s_002.csv,s_002,tobii,3.0,25.0,,21448,21628,357.75,360.75,questionnaire
s_002/tobii,s_002.csv,s_002,tobii,3.0,25.0,,21583,21763,360.0,363.0,questionnaire
s_002/tobii,s_002.csv,s_002,tobii,3.0,25.0,,21718,21899,362.25,365.25,questionnaire
s_002/tobii,s_002.csv,s_002,tobii,3.0,25.0,,21854,22034,364.5,367.5,questionnaire
s_002/tobii,s_002.csv,s_002,tobii,3.0,25.0,,21989,22169,366.75,369.75,questionnaire
s_002/tobii,s_002.csv,s_002,tobii,3.0,25.0,,22124,22304,369.0,372.0,questionnaire
s_002/tobii,s_002.csv,s_002,tobii,3.0,25.0,,22259,22440,371.25,374.25,questionnaire
s_002/tobii,s_002.csv,s_002,tobii,3.0,25.0,,22394,22572,373.5,376.5,questionnaire
s_002/tobii,s_002.csv,s_002,tobii,3.0,25.0,,22530,22707,375.75,378.75,questionnaire
s_002/tobii,s_002.csv,s_002,tobii,3.0,25.0,,22662,22842,378.0,381.0,questionnaire
s_002/tobii,s_002.csv,s_002,tobii,3.0,25.0,,22797,22978,380.25,383.25,questionnaire
s_002/tobii,s_002.csv,s_002,tobii,3.0,25.0,,22933,23113,382.5,385.5,questionnaire
s_002/tobii,s_002.csv,s_002,tobii,3.0,25.0,,23068,23248,384.75,387.75,questionnaire
s_002/tobii,s_002.csv,s_002,tobii,3.0,25.0,,23203,23380,387.0,390.0,questionnaire
s_002/tobii,s_002.csv,s_002,tobii,3.0,25.0,,23335,23515,389.25,392.25,questionnaire
s_002/tobii,s_002.csv,s_002,tobii,3.0,25.0,,23470,23651,391.5,394.5,questionnaire
s_002/tobii,s_002.csv,s_002,tobii,3.0,25.0,,23606,23786,393.75,396.75,questionnaire
s_002/tobii,s_002.csv,s_002,tobii,3.0,25.0,,23741,23915,396.0,399.0,questionnaire
s_002/tobii,s_002.csv,s_002,tobii,3.0,25.0,,23873,24050,398.25,401.25,questionnaire
s_002/tobii,s_002.csv,s_002,tobii,3.0,25.0,,24005,24186,400.5,403.5,questionnaire
s_002/tobii,s_002.csv,s_002,tobii,3.0,25.0,,24140,24321,402.75,405.75,questionnaire
s_002/tobii,s_002.csv,s_002,tobii,3.0,25.0,,24276,24456,405.0,408.0,questionnaire
s_002/tobii,s_002.csv,s_002,tobii,3.0,25.0,,24411,24591,407.25,410.25,questionnaire
s_002/tobii,s_002.csv,s_002,tobii,3.0,25.0,,24546,24724,409.5,412.5,questionnaire
s_002/tobii,s_002.csv,s_002,tobii,3.0,25.0,,24679,24859,411.75,414.75,questionnaire
s_002/tobii,s_002.csv,s_002,tobii,3.0,25.0,,24814,24994,414.0,417.0,questionnaire
s_002/tobii,s_002.csv,s_002,tobii,3.0,25.0,,25219,25400,420.75,423.75,3_back
s_002/tobii,s_002.csv,s_002,tobii,3.0,25.0,,25355,25535,423.0,426.0,3_back
s_002/tobii,s_002.csv,s_002,tobii,3.0,25.0,,25490,25670,425.25,428.25,3_back
s_002/tobii,s_002.csv,s_002,tobii,3.0,25.0,,25625,25805,427.5,430.5,3_back
s_002/tobii,s_002.csv,s_002,tobii,3.0,25.0,,25760,25941,429.75,432.75,3_back
s_002/tobii,s_002.csv,s_002,tobii,3.0,25.0,,25896,26076,432.0,435.0,3_back
s_002/tobii,s_002.csv,s_002,tobii,3.0,25.0,,26031,26211,434.25,437.25,3_back
s_002/tobii,s_002.csv,s_002,tobii,3.0,25.0,,26166,26346,436.5,439.5,3_back
s_002/tobii,s_002.csv,s_002,tobii,3.0,25.0,,26301,26481,438.75,441.75,3_back
s_002/tobii,s_002.csv,s_002,tobii,3.0,25.0,,26436,26617,441.0,444.0,3_back
s_002/tobii,s_002.csv,s_002,tobii,3.0,25.0,,26572,26752,443.25,446.25,3_back
s_002/tobii,s_002.csv,s_002,tobii,3.0,25.0,,26707,26887,445.5,448.5,3_back
s_002/tobii,s_002.csv,s_002,tobii,3.0,25.0,,26842,27022,447.75,450.75,3_back
s_002/tobii,s_002.csv,s_002,tobii,3.0,25.0,,26977,27158,450.0,453.0,3_back
s_002/tobii,s_002.csv,s_002,tobii,3.0,25.0,,27112,27293,452.25,455.25,3_back
s_002/tobii,s_002.csv,s_002,tobii,3.0,25.0,,27248,27428,454.5,457.5,3_back
s_002/tobii,s_002.csv,s_002,tobii,3.0,25.0,,27383,27563,456.75,459.75,3_back
s_002/tobii,s_002.csv,s_002,tobii,3.0,25.0,,27518,27699,459.0,462.0,3_back
s_002/tobii,s_002.csv,s_002,tobii,3.0,25.0,,27653,27834,461.25,464.25,3_back
s_002/tobii,s_002.csv,s_002,tobii,3.0,25.0,,27789,27969,463.5,466.5,3_back
s_002/tobii,s_002.csv,s_002,tobii,3.0,25.0,,27924,28104,465.75,468.75,3_back
s_002/tobii,s_002.csv,s_002,tobii,3.0,25.0,,28059,28239,468.0,471.0,3_back
s_002/tobii,s_002.csv,s_002,tobii,3.0,25.0,,28194,28374,470.25,473.25,3_back
s_002/tobii,s_002.csv,s_002,tobii,3.0,25.0,,28329,28510,472.5,475.5,3_back
s_002/tobii,s_002.csv,s_002,tobii,3.0,25.0,,28465,28645,474.75,477.75,3_back
s_002/tobii,s_002.csv,s_002,tobii,3.0,25.0,,28600,28780,477.0,480.0,3_back
s_002/tobii,s_002.csv,s_002,tobii,3.0,25.0,,28735,28915,479.25,482.25,3_back
s_002/tobii,s_002.csv,s_002,tobii,3.0,25.0,,28870,29051,481.5,484.5,3_back
s_002/tobii,s_002.csv,s_002,tobii,3.0,25.0,,29005,29186,483.75,486.75,3_back
s_002/tobii,s_002.csv,s_002,tobii,3.0,25.0,,29141,29321,486.0,489.0,3_back
s_002/tobii,s_002.csv,s_002,tobii,3.0,25.0,,29276,29456,488.25,491.25,3_back
s_002/tobii,s_002.csv,s_002,tobii,3.0,25.0,,29411,29591,490.5,493.5,3_back
s_002/tobii,s_002.csv,s_002,tobii,3.0,25.0,,29546,29727,492.75,495.75,3_back
s_002/tobii,s_002.csv,s_002,tobii,3.0,25.0,,29682,29862,495.0,498.0,3_back
s_002/tobii,s_002.csv,s_002,tobii,3.0,25.0,,29817,29997,497.25,500.25,3_back
s_002/tobii,s_002.csv,s_002,tobii,3.0,25.0,,29952,30132,499.5,502.5,3_back
s_002/tobii,s_002.csv,s_002,tobii,3.0,25.0,,30087,30268,501.75,504.75,3_back
s_002/tobii,s_002.csv,s_002,tobii,3.0,25.0,,30222,30403,504.0,507.0,3_back
s_002/tobii,s_002.csv,s_002,tobii,3.0,25.0,,30358,30538,506.25,509.25,3_back
s_002/tobii,s_002.csv,s_002,tobii,3.0,25.0,,30493,30673,508.5,511.5,3_back
s_002/tobii,s_002.csv,s_002,tobii,3.0,25.0,,30628,30808,510.75,513.75,3_back
s_002/tobii,s_002.csv,s_002,tobii,3.0,25.0,,30763,30944,513.0,516.0,3_back
s_002/tobii,s_002.csv,s_002,tobii,3.0,25.0,,30898,31079,515.25,518.25,3_back
s_002/tobii,s_002.csv,s_002,tobii,3.0,25.0,,31034,31214,517.5,520.5,3_back
s_002/tobii,s_002.csv,s_002,tobii,3.0,25.0,,31169,31349,519.75,522.75,3_back
s_002/tobii,s_002.csv,s_002,tobii,3.0,25.0,,31304,31484,522.0,525.0,3_back
s_002/tobii,s_002.csv,s_002,tobii,3.0,25.0,,31439,31620,524.25,527.25,3_back
s_002/tobii,s_002.csv,s_002,tobii,3.0,25.0,,31575,31755,526.5,529.5,3_back
s_002/tobii,s_002.csv,s_002,tobii,3.0,25.0,,31710,31890,528.75,531.75,3_back
s_002/tobii,s_002.csv,s_002,tobii,3.0,25.0,,31845,32025,531.0,534.0,3_back
s_002/tobii,s_002.csv,s_002,tobii,3.0,25.0,,31980,32161,533.25,536.25,3_back
s_002/tobii,s_002.csv,s_002,tobii,3.0,25.0,,32115,32296,535.5,538.5,3_back
s_002/tobii,s_002.csv,s_002,tobii,3.0,25.0,,32251,32431,537.75,540.75,3_back
s_002/tobii,s_002.csv,s_002,tobii,3.0,25.0,,32656,32837,544.5,547.5,questionnaire
s_002/tobii,s_002.csv,s_002,tobii,3.0,25.0,,32792,32972,546.75,549.75,questionnaire
s_002/tobii,s_002.csv,s_002,tobii,3.0,25.0,,32927,33107,549.0,552.0,questionnaire
s_002/tobii,s_002.csv,s_002,tobii,3.0,25.0,,33062,33242,551.25,554.25,questionnaire
s_002/tobii,s_002.csv,s_002,tobii,3.0,25.0,,33197,33377,553.5,556.5,questionnaire
s_002/tobii,s_002.csv,s_002,tobii,3.0,25.0,,33332,33513,555.75,558.75,questionnaire
s_002/tobii,s_002.csv,s_002,tobii,3.0,25.0,,33468,33648,558.0,561.0,questionnaire
s_002/tobii,s_002.csv,s_002,tobii,3.0,25.0,,33603,33783,560.25,563.25,questionnaire
s_002/tobii,s_002.csv,s_002,tobii,3.0,25.0,,33738,33918,562.5,565.5,questionnaire
s_002/tobii,s_002.csv,s_002,tobii,3.0,25.0,,33873,34054,564.75,567.75,questionnaire
s_002/tobii,s_002.csv,s_002,tobii,3.0,25.0,,34008,34189,567.0,570.0,questionnaire
s_002/tobii,s_002.csv,s_002,tobii,3.0,25.0,,34144,34324,569.25,572.25,questionnaire
s_002/tobii,s_002.csv,s_002,tobii,3.0,25.0,,34279,34459,571.5,574.5,questionnaire
s_002/tobii,s_002.csv,s_002,tobii,3.0,25.0,,34414,34594,573.75,576.75,questionnaire
s_002/tobii,s_002.csv,s_002,tobii,3.0,25.0,,34549,34730,576.0,579.0,questionnaire
s_002/tobii,s_002.csv,s_002,tobii,3.0,25.0,,34685,34865,578.25,581.25,questionnaire
s_002/tobii,s_002.csv,s_002,tobii,3.0,25.0,,34820,35000,580.5,583.5,questionnaire
s_002/tobii,s_002.csv,s_002,tobii,3.0,25.0,,34955,35135,582.75,585.75,questionnaire
s_002/tobii,s_002.csv,s_002,tobii,3.0,25.0,,35090,35271,585.0,588.0,questionnaire
s_002/tobii,s_002.csv,s_002,tobii,3.0,25.0,,35225,35406,587.25,590.25,questionnaire
s_002/tobii,s_002.csv,s_002,tobii,3.0,25.0,,35361,35541,589.5,592.5,questionnaire
s_002/tobii,s_002.csv,s_002,tobii,3.0,25.0,,35496,35676,591.75,594.75,questionnaire
s_002/tobii,s_002.csv,s_002,tobii,3.0,25.0,,35631,35811,594.0,597.0,questionnaire
s_002/tobii,s_002.csv,s_002,tobii,3.0,25.0,,35766,35947,596.25,599.25,questionnaire
s_002/tobii,s_002.csv,s_002,tobii,3.0,25.0,,35901,36082,598.5,601.5,questionnaire
s_002/tobii,s_002.csv,s_002,tobii,3.0,25.0,,36037,36217,600.75,603.75,questionnaire
s_002/tobii,s_002.csv,s_002,tobii,3.0,25.0,,36172,36352,603.0,606.0,questionnaire
s_002/tobii,s_002.csv,s_002,tobii,3.0,25.0,,36307,36487,605.25,608.25,questionnaire
s_002/tobii,s_002.csv,s_002,tobii,3.0,25.0,,36442,36623,607.5,610.5,questionnaire
s_002/tobii,s_002.csv,s_002,tobii,3.0,25.0,,36578,36758,609.75,612.75,questionnaire
s_002/tobii,s_002.csv,s_002,tobii,3.0,25.0,,36713,36891,612.0,615.0,questionnaire
s_002/tobii,s_002.csv,s_002,tobii,3.0,25.0,,36846,37026,614.25,617.25,questionnaire
s_002/tobii,s_002.csv,s_002,tobii,3.0,25.0,,36981,37161,616.5,619.5,questionnaire
s_002/tobii,s_002.csv,s_002,tobii,3.0,25.0,,37116,37296,618.75,621.75,questionnaire
s_002/tobii,s_002.csv,s_002,tobii,3.0,25.0,,37251,37432,621.0,624.0,questionnaire
s_002/tobii,s_002.csv,s_002,tobii,3.0,25.0,,37387,37567,623.25,626.25,questionnaire
s_002/tobii,s_002.csv,s_002,tobii,3.0,25.0,,37657,37837,627.75,630.75,stroop_easy
s_002/tobii,s_002.csv,s_002,tobii,3.0,25.0,,37792,37973,630.0,633.0,stroop_easy
s_002/tobii,s_002.csv,s_002,tobii,3.0,25.0,,37927,38108,632.25,635.25,stroop_easy
s_002/tobii,s_002.csv,s_002,tobii,3.0,25.0,,38063,38243,634.5,637.5,stroop_easy
s_002/tobii,s_002.csv,s_002,tobii,3.0,25.0,,38198,38378,636.75,639.75,stroop_easy
s_002/tobii,s_002.csv,s_002,tobii,3.0,25.0,,38333,38513,639.0,642.0,stroop_easy
s_002/tobii,s_002.csv,s_002,tobii,3.0,25.0,,38468,38649,641.25,644.25,stroop_easy
s_002/tobii,s_002.csv,s_002,tobii,3.0,25.0,,38604,38784,643.5,646.5,stroop_easy
s_002/tobii,s_002.csv,s_002,tobii,3.0,25.0,,38739,38919,645.75,648.75,stroop_easy
s_002/tobii,s_002.csv,s_002,tobii,3.0,25.0,,38874,39054,648.0,651.0,stroop_easy
s_002/tobii,s_002.csv,s_002,tobii,3.0,25.0,,39009,39189,650.25,653.25,stroop_easy
s_002/tobii,s_002.csv,s_002,tobii,3.0,25.0,,39144,39325,652.5,655.5,stroop_easy
s_002/tobii,s_002.csv,s_002,tobii,3.0,25.0,,39280,39460,654.75,657.75,stroop_easy
s_002/tobii,s_002.csv,s_002,tobii,3.0,25.0,,39415,39595,657.0,660.0,stroop_easy
s_002/tobii,s_002.csv,s_002,tobii,3.0,25.0,,39550,39730,659.25,662.25,stroop_easy
s_002/tobii,s_002.csv,s_002,tobii,3.0,25.0,,39685,39866,661.5,664.5,stroop_easy
s_002/tobii,s_002.csv,s_002,tobii,3.0,25.0,,39820,40001,663.75,666.75,stroop_easy
s_002/tobii,s_002.csv,s_002,tobii,3.0,25.0,,39956,40136,666.0,669.0,stroop_easy
s_002/tobii,s_002.csv,s_002,tobii,3.0,25.0,,40091,40271,668.25,671.25,stroop_easy
s_002/tobii,s_002.csv,s_002,tobii,3.0,25.0,,40226,40406,670.5,673.5,stroop_easy
s_002/tobii,s_002.csv,s_002,tobii,3.0,25.0,,40361,40542,672.75,675.75,stroop_easy
s_002/tobii,s_002.csv,s_002,tobii,3.0,25.0,,40497,40677,675.0,678.0,stroop_easy
s_002/tobii,s_002.csv,s_002,tobii,3.0,25.0,,40632,40812,677.25,680.25,stroop_easy
s_002/tobii,s_002.csv,s_002,tobii,3.0,25.0,,40767,40947,679.5,682.5,stroop_easy
s_002/tobii,s_002.csv,s_002,tobii,3.0,25.0,,40902,41082,681.75,684.75,stroop_easy
s_002/tobii,s_002.csv,s_002,tobii,3.0,25.0,,41037,41218,684.0,687.0,stroop_easy
s_002/tobii,s_002.csv,s_002,tobii,3.0,25.0,,41173,41353,686.25,689.25,stroop_easy
s_002/tobii,s_002.csv,s_002,tobii,3.0,25.0,,41308,41488,688.5,691.5,stroop_easy
s_002/tobii,s_002.csv,s_002,tobii,3.0,25.0,,41443,41623,690.75,693.75,stroop_easy
s_002/tobii,s_002.csv,s_002,tobii,3.0,25.0,,41578,41759,693.0,696.0,stroop_easy
s_002/tobii,s_002.csv,s_002,tobii,3.0,25.0,,41713,41894,695.25,698.25,stroop_easy
s_002/tobii,s_002.csv,s_002,tobii,3.0,25.0,,41849,42029,697.5,700.5,stroop_easy
s_002/tobii,s_002.csv,s_002,tobii,3.0,25.0,,41984,42164,699.75,702.75,stroop_easy
s_002/tobii,s_002.csv,s_002,tobii,3.0,25.0,,42119,42299,702.0,705.0,stroop_easy
s_002/tobii,s_002.csv,s_002,tobii,3.0,25.0,,42254,42435,704.25,707.25,stroop_easy
s_002/tobii,s_002.csv,s_002,tobii,3.0,25.0,,42390,42570,706.5,709.5,stroop_easy
s_002/tobii,s_002.csv,s_002,tobii,3.0,25.0,,42525,42705,708.75,711.75,stroop_easy
s_002/tobii,s_002.csv,s_002,tobii,3.0,25.0,,42660,42840,711.0,714.0,stroop_easy
s_002/tobii,s_002.csv,s_002,tobii,3.0,25.0,,42795,42975,713.25,716.25,stroop_easy
s_002/tobii,s_002.csv,s_002,tobii,3.0,25.0,,42930,43111,715.5,718.5,stroop_easy
s_002/tobii,s_002.csv,s_002,tobii,3.0,25.0,,43066,43246,717.75,720.75,stroop_easy
s_002/tobii,s_002.csv,s_002,tobii,3.0,25.0,,43201,43381,720.0,723.0,stroop_easy
s_002/tobii,s_002.csv,s_002,tobii,3.0,25.0,,43336,43516,722.25,725.25,stroop_easy
s_002/tobii,s_002.csv,s_002,tobii,3.0,25.0,,43471,43652,724.5,727.5,stroop_easy
s_002/tobii,s_002.csv,s_002,tobii,3.0,25.0,,43606,43787,726.75,729.75,stroop_easy
s_002/tobii,s_002.csv,s_002,tobii,3.0,25.0,,43742,43922,729.0,732.0,stroop_easy
s_002/tobii,s_002.csv,s_002,tobii,3.0,25.0,,43877,44057,731.25,734.25,stroop_easy
s_002/tobii,s_002.csv,s_002,tobii,3.0,25.0,,44012,44192,733.5,736.5,stroop_easy
s_002/tobii,s_002.csv,s_002,tobii,3.0,25.0,,44147,44328,735.75,738.75,stroop_easy
s_002/tobii,s_002.csv,s_002,tobii,3.0,25.0,,44283,44463,738.0,741.0,stroop_easy
s_002/tobii,s_002.csv,s_002,tobii,3.0,25.0,,44418,44598,740.25,743.25,stroop_easy
s_002/tobii,s_002.csv,s_002,tobii,3.0,25.0,,44553,44733,742.5,745.5,stroop_easy
s_002/tobii,s_002.csv,s_002,tobii,3.0,25.0,,44688,44869,744.75,747.75,stroop_easy
s_002/tobii,s_002.csv,s_002,tobii,3.0,25.0,,44823,45004,747.0,750.0,stroop_easy
s_002/tobii,s_002.csv,s_002,tobii,3.0,25.0,,45094,45274,751.5,754.5,questionnaire
s_002/tobii,s_002.csv,s_002,tobii,3.0,25.0,,45229,45409,753.75,756.75,questionnaire
s_002/tobii,s_002.csv,s_002,tobii,3.0,25.0,,45364,45545,756.0,759.0,questionnaire
s_002/tobii,s_002.csv,s_002,tobii,3.0,25.0,,45500,45680,758.25,761.25,questionnaire
s_002/tobii,s_002.csv,s_002,tobii,3.0,25.0,,45635,45815,760.5,763.5,questionnaire
s_002/tobii,s_002.csv,s_002,tobii,3.0,25.0,,45770,45950,762.75,765.75,questionnaire
s_002/tobii,s_002.csv,s_002,tobii,3.0,25.0,,45905,46085,765.0,768.0,questionnaire
s_002/tobii,s_002.csv,s_002,tobii,3.0,25.0,,46040,46221,767.25,770.25,questionnaire
s_002/tobii,s_002.csv,s_002,tobii,3.0,25.0,,46176,46356,769.5,772.5,questionnaire
s_002/tobii,s_002.csv,s_002,tobii,3.0,25.0,,46311,46491,771.75,774.75,questionnaire
s_002/tobii,s_002.csv,s_002,tobii,3.0,25.0,,46446,46626,774.0,777.0,questionnaire
s_002/tobii,s_002.csv,s_002,tobii,3.0,25.0,,46581,46762,776.25,779.25,questionnaire
s_002/tobii,s_002.csv,s_002,tobii,3.0,25.0,,46716,46897,778.5,781.5,questionnaire
s_002/tobii,s_002.csv,s_002,tobii,3.0,25.0,,46852,47032,780.75,783.75,questionnaire
s_002/tobii,s_002.csv,s_002,tobii,3.0,25.0,,46987,47167,783.0,786.0,questionnaire
s_002/tobii,s_002.csv,s_002,tobii,3.0,25.0,,47122,47302,785.25,788.25,questionnaire
s_002/tobii,s_002.csv,s_002,tobii,3.0,25.0,,47257,47438,787.5,790.5,questionnaire
s_002/tobii,s_002.csv,s_002,tobii,3.0,25.0,,47393,47573,789.75,792.75,questionnaire
s_002/tobii,s_002.csv,s_002,tobii,3.0,25.0,,47663,47843,794.25,797.25,stroop_difficult
s_002/tobii,s_002.csv,s_002,tobii,3.0,25.0,,47798,47978,796.5,799.5,stroop_difficult
s_002/tobii,s_002.csv,s_002,tobii,3.0,25.0,,47933,48114,798.75,801.75,stroop_difficult
s_002/tobii,s_002.csv,s_002,tobii,3.0,25.0,,48069,48249,801.0,804.0,stroop_difficult
s_002/tobii,s_002.csv,s_002,tobii,3.0,25.0,,48204,48384,803.25,806.25,stroop_difficult
s_002/tobii,s_002.csv,s_002,tobii,3.0,25.0,,48339,48519,805.5,808.5,stroop_difficult
s_002/tobii,s_002.csv,s_002,tobii,3.0,25.0,,48474,48655,807.75,810.75,stroop_difficult
s_002/tobii,s_002.csv,s_002,tobii,3.0,25.0,,48609,48790,810.0,813.0,stroop_difficult
s_002/tobii,s_002.csv,s_002,tobii,3.0,25.0,,48745,48925,812.25,815.25,stroop_difficult
s_002/tobii,s_002.csv,s_002,tobii,3.0,25.0,,48880,49060,814.5,817.5,stroop_difficult
s_002/tobii,s_002.csv,s_002,tobii,3.0,25.0,,49015,49195,816.75,819.75,stroop_difficult
s_002/tobii,s_002.csv,s_002,tobii,3.0,25.0,,49150,49331,819.0,822.0,stroop_difficult
s_002/tobii,s_002.csv,s_002,tobii,3.0,25.0,,49286,49466,821.25,824.25,stroop_difficult
s_002/tobii,s_002.csv,s_002,tobii,3.0,25.0,,49421,49601,823.5,826.5,stroop_difficult
s_002/tobii,s_002.csv,s_002,tobii,3.0,25.0,,49556,49736,825.75,828.75,stroop_difficult
s_002/tobii,s_002.csv,s_002,tobii,3.0,25.0,,49691,49871,828.0,831.0,stroop_difficult
s_002/tobii,s_002.csv,s_002,tobii,3.0,25.0,,49826,50007,830.25,833.25,stroop_difficult
s_002/tobii,s_002.csv,s_002,tobii,3.0,25.0,,49962,50142,832.5,835.5,stroop_difficult
s_002/tobii,s_002.csv,s_002,tobii,3.0,25.0,,50097,50277,834.75,837.75,stroop_difficult
s_002/tobii,s_002.csv,s_002,tobii,3.0,25.0,,50232,50412,837.0,840.0,stroop_difficult
s_002/tobii,s_002.csv,s_002,tobii,3.0,25.0,,50367,50548,839.25,842.25,stroop_difficult
s_002/tobii,s_002.csv,s_002,tobii,3.0,25.0,,50502,50683,841.5,844.5,stroop_difficult
s_002/tobii,s_002.csv,s_002,tobii,3.0,25.0,,50638,50818,843.75,846.75,stroop_difficult
s_002/tobii,s_002.csv,s_002,tobii,3.0,25.0,,50773,50953,846.0,849.0,stroop_difficult
s_002/tobii,s_002.csv,s_002,tobii,3.0,25.0,,50908,51088,848.25,851.25,stroop_difficult
s_002/tobii,s_002.csv,s_002,tobii,3.0,25.0,,51043,51224,850.5,853.5,stroop_difficult
s_002/tobii,s_002.csv,s_002,tobii,3.0,25.0,,51179,51359,852.75,855.75,stroop_difficult
s_002/tobii,s_002.csv,s_002,tobii,3.0,25.0,,51314,51494,855.0,858.0,stroop_difficult
s_002/tobii,s_002.csv,s_002,tobii,3.0,25.0,,51449,51629,857.25,860.25,stroop_difficult
s_002/tobii,s_002.csv,s_002,tobii,3.0,25.0,,51584,51765,859.5,862.5,stroop_difficult
s_002/tobii,s_002.csv,s_002,tobii,3.0,25.0,,51719,51900,861.75,864.75,stroop_difficult
s_002/tobii,s_002.csv,s_002,tobii,3.0,25.0,,51855,52035,864.0,867.0,stroop_difficult
s_002/tobii,s_002.csv,s_002,tobii,3.0,25.0,,51990,52170,866.25,869.25,stroop_difficult
s_002/tobii,s_002.csv,s_002,tobii,3.0,25.0,,52125,52305,868.5,871.5,stroop_difficult
s_002/tobii,s_002.csv,s_002,tobii,3.0,25.0,,52260,52441,870.75,873.75,stroop_difficult
s_002/tobii,s_002.csv,s_002,tobii,3.0,25.0,,52396,52576,873.0,876.0,stroop_difficult
s_002/tobii,s_002.csv,s_002,tobii,3.0,25.0,,52531,52711,875.25,878.25,stroop_difficult
s_002/tobii,s_002.csv,s_002,tobii,3.0,25.0,,52666,52846,877.5,880.5,stroop_difficult
s_002/tobii,s_002.csv,s_002,tobii,3.0,25.0,,52801,52981,879.75,882.75,stroop_difficult
s_002/tobii,s_002.csv,s_002,tobii,3.0,25.0,,52936,53117,882.0,885.0,stroop_difficult
s_002/tobii,s_002.csv,s_002,tobii,3.0,25.0,,53072,53252,884.25,887.25,stroop_difficult
s_002/tobii,s_002.csv,s_002,tobii,3.0,25.0,,53207,53387,886.5,889.5,stroop_difficult
s_002/tobii,s_002.csv,s_002,tobii,3.0,25.0,,53342,53522,888.75,891.75,stroop_difficult
s_002/tobii,s_002.csv,s_002,tobii,3.0,25.0,,53477,53658,891.0,894.0,stroop_difficult
s_002/tobii,s_002.csv,s_002,tobii,3.0,25.0,,53612,53793,893.25,896.25,stroop_difficult
s_002/tobii,s_002.csv,s_002,tobii,3.0,25.0,,53748,53928,895.5,898.5,stroop_difficult
s_002/tobii,s_002.csv,s_002,tobii,3.0,25.0,,53883,54063,897.75,900.75,stroop_difficult
s_002/tobii,s_002.csv,s_002,tobii,3.0,25.0,,54018,54198,900.0,903.0,stroop_difficult
s_002/tobii,s_002.csv,s_002,tobii,3.0,25.0,,54153,54334,902.25,905.25,stroop_difficult
s_002/tobii,s_002.csv,s_002,tobii,3.0,25.0,,54289,54469,904.5,907.5,stroop_difficult
s_002/tobii,s_002.csv,s_002,tobii,3.0,25.0,,54424,54604,906.75,909.75,stroop_difficult
s_002/tobii,s_002.csv,s_002,tobii,3.0,25.0,,54559,54739,909.0,912.0,stroop_difficult
s_002/tobii,s_002.csv,s_002,tobii,3.0,25.0,,54694,54874,911.25,914.25,stroop_difficult
s_002/tobii,s_002.csv,s_002,tobii,3.0,25.0,,54829,55010,913.5,916.5,stroop_difficult
s_002/tobii,s_002.csv,s_002,tobii,3.0,25.0,,55098,55278,918.0,921.0,questionnaire
s_002/tobii,s_002.csv,s_002,tobii,3.0,25.0,,55233,55411,920.25,923.25,questionnaire
s_002/tobii,s_002.csv,s_002,tobii,3.0,25.0,,55367,55546,922.5,925.5,questionnaire
s_002/tobii,s_002.csv,s_002,tobii,3.0,25.0,,55500,55681,924.75,927.75,questionnaire
s_002/tobii,s_002.csv,s_002,tobii,3.0,25.0,,55636,55816,927.0,930.0,questionnaire
s_002/tobii,s_002.csv,s_002,tobii,3.0,25.0,,55771,55951,929.25,932.25,questionnaire
s_002/tobii,s_002.csv,s_002,tobii,3.0,25.0,,55906,56086,931.5,934.5,questionnaire
s_002/tobii,s_002.csv,s_002,tobii,3.0,25.0,,56041,56222,933.75,936.75,questionnaire
s_002/tobii,s_002.csv,s_002,tobii,3.0,25.0,,56177,56357,936.0,939.0,questionnaire
s_002/tobii,s_002.csv,s_002,tobii,3.0,25.0,,56312,56492,938.25,941.25,questionnaire
s_002/tobii,s_002.csv,s_002,tobii,3.0,25.0,,56447,56627,940.5,943.5,questionnaire
s_002/tobii,s_002.csv,s_002,tobii,3.0,25.0,,56853,57033,947.25,950.25,rest
s_002/tobii,s_002.csv,s_002,tobii,3.0,25.0,,56988,57168,949.5,952.5,rest
s_002/tobii,s_002.csv,s_002,tobii,3.0,25.0,,57123,57303,951.75,954.75,rest
s_002/tobii,s_002.csv,s_002,tobii,3.0,25.0,,57258,57438,954.0,957.0,rest
s_002/tobii,s_002.csv,s_002,tobii,3.0,25.0,,57394,57570,956.25,959.25,rest
s_002/tobii,s_002.csv,s_002,tobii,3.0,25.0,,57525,57704,958.5,961.5,rest
s_002/tobii,s_002.csv,s_002,tobii,3.0,25.0,,57660,57837,960.75,963.75,rest
s_002/tobii,s_002.csv,s_002,tobii,3.0,25.0,,57794,57971,963.0,966.0,rest
s_002/tobii,s_002.csv,s_002,tobii,3.0,25.0,,57926,58105,965.25,968.25,rest
s_002/tobii,s_002.csv,s_002,tobii,3.0,25.0,,58061,58239,967.5,970.5,rest
s_002/tobii,s_002.csv,s_002,tobii,3.0,25.0,,58194,58373,969.75,972.75,rest
s_002/tobii,s_002.csv,s_002,tobii,3.0,25.0,,58328,58506,972.0,975.0,rest
s_002/tobii,s_002.csv,s_002,tobii,3.0,25.0,,58462,58641,974.25,977.25,rest
s_002/tobii,s_002.csv,s_002,tobii,3.0,25.0,,58596,58776,976.5,979.5,rest
s_002/tobii,s_002.csv,s_002,tobii,3.0,25.0,,58731,58910,978.75,981.75,rest
s_002/tobii,s_002.csv,s_002,tobii,3.0,25.0,,58865,59044,981.0,984.0,rest
s_002/tobii,s_002.csv,s_002,tobii,3.0,25.0,,58999,59178,983.25,986.25,rest
s_002/tobii,s_002.csv,s_002,tobii,3.0,25.0,,59133,59312,985.5,988.5,rest
s_002/tobii,s_002.csv,s_002,tobii,3.0,25.0,,59267,59446,987.75,990.75,rest
s_002/tobii,s_002.csv,s_002,tobii,3.0,25.0,,59401,59575,990.0,993.0,rest
s_002/tobii,s_002.csv,s_002,tobii,3.0,25.0,,59530,59710,992.25,995.25,rest
s_002/tobii,s_002.csv,s_002,tobii,3.0,25.0,,59665,59845,994.5,997.5,rest
s_002/tobii,s_002.csv,s_002,tobii,3.0,25.0,,59800,59975,996.75,999.75,rest
s_002/tobii,s_002.csv,s_002,tobii,3.0,25.0,,59935,60108,999.0,1002.0,rest
s_002/tobii,s_002.csv,s_002,tobii,3.0,25.0,,60064,60241,1001.25,1004.25,rest
s_002/tobii,s_002.csv,s_002,tobii,3.0,25.0,,60197,60375,1003.5,1006.5,rest
s_002/tobii,s_002.csv,s_002,tobii,3.0,25.0,,60330,60509,1005.75,1008.75,rest
s_002/tobii,s_002.csv,s_002,tobii,3.0,25.0,,60465,60643,1008.0,1011.0,rest
s_002/tobii,s_002.csv,s_002,tobii,3.0,25.0,,60598,60775,1010.25,1013.25,rest
s_002/tobii,s_002.csv,s_002,tobii,3.0,25.0,,60729,60908,1012.5,1015.5,rest
s_002/tobii,s_002.csv,s_002,tobii,3.0,25.0,,60863,61039,1014.75,1017.75,rest
s_002/tobii,s_002.csv,s_002,tobii,3.0,25.0,,60995,61174,1017.0,1020.0,rest
s_002/tobii,s_002.csv,s_002,tobii,3.0,25.0,,61129,61308,1019.25,1022.25,rest
s_002/tobii,s_002.csv,s_002,tobii,3.0,25.0,,61263,61440,1021.5,1024.5,rest
s_002/tobii,s_002.csv,s_002,tobii,3.0,25.0,,61396,61573,1023.75,1026.75,rest
s_002/tobii,s_002.csv,s_002,tobii,3.0,25.0,,61530,61708,1026.0,1029.0,rest
s_002/tobii,s_002.csv,s_002,tobii,3.0,25.0,,61663,61842,1028.25,1031.25,rest
s_002/tobii,s_002.csv,s_002,tobii,3.0,25.0,,61797,61977,1030.5,1033.5,rest
s_002/tobii,s_002.csv,s_002,tobii,3.0,25.0,,61932,62110,1032.75,1035.75,rest
s_002/tobii,s_002.csv,s_002,tobii,3.0,25.0,,62066,62246,1035.0,1038.0,rest
s_002/tobii,s_002.csv,s_002,tobii,3.0,25.0,,62201,62378,1037.25,1040.25,rest
s_002/tobii,s_002.csv,s_002,tobii,3.0,25.0,,62334,62513,1039.5,1042.5,rest
s_002/tobii,s_002.csv,s_002,tobii,3.0,25.0,,62468,62645,1041.75,1044.75,rest
s_002/tobii,s_002.csv,s_002,tobii,3.0,25.0,,62599,62779,1044.0,1047.0,rest
s_002/tobii,s_002.csv,s_002,tobii,3.0,25.0,,62734,62914,1046.25,1049.25,rest
s_002/tobii,s_002.csv,s_002,tobii,3.0,25.0,,62869,63049,1048.5,1051.5,rest
s_002/tobii,s_002.csv,s_002,tobii,3.0,25.0,,63004,63185,1050.75,1053.75,rest
s_002/tobii,s_002.csv,s_002,tobii,3.0,25.0,,63140,63320,1053.0,1056.0,rest
s_002/tobii,s_002.csv,s_002,tobii,3.0,25.0,,63275,63455,1055.25,1058.25,rest
s_002/tobii,s_002.csv,s_002,tobii,3.0,25.0,,63410,63589,1057.5,1060.5,rest
s_002/tobii,s_002.csv,s_002,tobii,3.0,25.0,,63544,63719,1059.75,1062.75,rest
s_002/tobii,s_002.csv,s_002,tobii,3.0,25.0,,63676,63853,1062.0,1065.0,rest
s_002/tobii,s_002.csv,s_002,tobii,3.0,25.0,,63809,63988,1064.25,1067.25,rest
s_002/tobii,s_002.csv,s_002,tobii,3.0,25.0,,63943,64120,1066.5,1069.5,rest
s_002/tobii,s_002.csv,s_002,tobii,3.0,25.0,,64075,64254,1068.75,1071.75,rest
s_002/tobii,s_002.csv,s_002,tobii,3.0,25.0,,64210,64389,1071.0,1074.0,rest
s_002/tobii,s_002.csv,s_002,tobii,3.0,25.0,,64344,64524,1073.25,1076.25,rest
s_002/tobii,s_002.csv,s_002,tobii,3.0,25.0,,64479,64659,1075.5,1078.5,rest
s_002/tobii,s_002.csv,s_002,tobii,3.0,25.0,,64614,64793,1077.75,1080.75,rest
s_002/tobii,s_002.csv,s_002,tobii,3.0,25.0,,64748,64926,1080.0,1083.0,rest
s_002/tobii,s_002.csv,s_002,tobii,3.0,25.0,,64881,65060,1082.25,1085.25,rest
s_002/tobii,s_002.csv,s_002,tobii,3.0,25.0,,65015,65194,1084.5,1087.5,rest
s_002/tobii,s_002.csv,s_002,tobii,3.0,25.0,,65150,65328,1086.75,1089.75,rest
s_002/tobii,s_002.csv,s_002,tobii,3.0,25.0,,65284,65462,1089.0,1092.0,rest
s_002/tobii,s_002.csv,s_002,tobii,3.0,25.0,,65417,65595,1091.25,1094.25,rest
s_002/tobii,s_002.csv,s_002,tobii,3.0,25.0,,65551,65728,1093.5,1096.5,rest
s_002/tobii,s_002.csv,s_002,tobii,3.0,25.0,,65684,65862,1095.75,1098.75,rest
s_002/tobii,s_002.csv,s_002,tobii,3.0,25.0,,65817,65997,1098.0,1101.0,rest
s_002/tobii,s_002.csv,s_002,tobii,3.0,25.0,,65952,66133,1100.25,1103.25,rest
s_002/tobii,s_002.csv,s_002,tobii,3.0,25.0,,66088,66268,1102.5,1105.5,rest
s_002/tobii,s_002.csv,s_002,tobii,3.0,25.0,,66223,66403,1104.75,1107.75,rest
s_002/tobii,s_002.csv,s_002,tobii,3.0,25.0,,66358,66538,1107.0,1110.0,rest
s_002/tobii,s_002.csv,s_002,tobii,3.0,25.0,,66493,66674,1109.25,1112.25,rest
s_002/tobii,s_002.csv,s_002,tobii,3.0,25.0,,66629,66809,1111.5,1114.5,rest
s_002/tobii,s_002.csv,s_002,tobii,3.0,25.0,,66764,66944,1113.75,1116.75,rest
s_002/tobii,s_002.csv,s_002,tobii,3.0,25.0,,66899,67079,1116.0,1119.0,rest
s_002/tobii,s_002.csv,s_002,tobii,3.0,25.0,,67034,67214,1118.25,1121.25,rest
s_002/tobii,s_002.csv,s_002,tobii,3.0,25.0,,67169,67350,1120.5,1123.5,rest
s_002/tobii,s_002.csv,s_002,tobii,3.0,25.0,,67305,67485,1122.75,1125.75,rest
s_002/tobii,s_002.csv,s_002,tobii,3.0,25.0,,67440,67620,1125.0,1128.0,rest
s_002/tobii,s_002.csv,s_002,tobii,3.0,25.0,,67710,67890,1129.5,1132.5,questionnaire
s_002/tobii,s_002.csv,s_002,tobii,3.0,25.0,,67845,68023,1131.75,1134.75,questionnaire
s_002/tobii,s_002.csv,s_002,tobii,3.0,25.0,,67977,68158,1134.0,1137.0,questionnaire
s_002/tobii,s_002.csv,s_002,tobii,3.0,25.0,,68113,68293,1136.25,1139.25,questionnaire
s_002/tobii,s_002.csv,s_002,tobii,3.0,25.0,,68248,68428,1138.5,1141.5,questionnaire
s_002/tobii,s_002.csv,s_002,tobii,3.0,25.0,,68383,68563,1140.75,1143.75,questionnaire
s_002/tobii,s_002.csv,s_002,tobii,3.0,25.0,,68518,68699,1143.0,1146.0,questionnaire
s_002/tobii,s_002.csv,s_002,tobii,3.0,25.0,,68654,68834,1145.25,1148.25,questionnaire
s_002/tobii,s_002.csv,s_002,tobii,3.0,25.0,,68789,68969,1147.5,1150.5,questionnaire
s_002/tobii,s_002.csv,s_002,tobii,3.0,25.0,,68924,69104,1149.75,1152.75,questionnaire
s_002/tobii,s_002.csv,s_002,tobii,3.0,25.0,,69059,69239,1152.0,1155.0,questionnaire
s_002/tobii,s_002.csv,s_002,tobii,3.0,25.0,,69194,69375,1154.25,1157.25,questionnaire
s_002/tobii,s_002.csv,s_002,tobii,3.0,25.0,,69330,69510,1156.5,1159.5,questionnaire
s_002/tobii,s_002.csv,s_002,tobii,3.0,25.0,,69465,69645,1158.75,1161.75,questionnaire
s_002/tobii,s_002.csv,s_002,tobii,3.0,25.0,,69600,69780,1161.0,1164.0,questionnaire
s_002/tobii,s_002.csv,s_002,tobii,3.0,25.0,,69735,69916,1163.25,1166.25,questionnaire
s_002/tobii,s_002.csv,s_002,tobii,3.0,25.0,,69870,70051,1165.5,1168.5,questionnaire
s_002/tobii,s_002.csv,s_002,tobii,3.0,25.0,,70006,70186,1167.75,1170.75,questionnaire
s_002/tobii,s_002.csv,s_002,tobii,3.0,25.0,,70141,70321,1170.0,1173.0,questionnaire
s_002/tobii,s_002.csv,s_002,tobii,3.0,25.0,,70411,70592,1174.5,1177.5,memory_easy
s_002/tobii,s_002.csv,s_002,tobii,3.0,25.0,,70547,70727,1176.75,1179.75,memory_easy
s_002/tobii,s_002.csv,s_002,tobii,3.0,25.0,,70682,70862,1179.0,1182.0,memory_easy
s_002/tobii,s_002.csv,s_002,tobii,3.0,25.0,,70817,70997,1181.25,1184.25,memory_easy
s_002/tobii,s_002.csv,s_002,tobii,3.0,25.0,,70952,71127,1183.5,1186.5,memory_easy
s_002/tobii,s_002.csv,s_002,tobii,3.0,25.0,,71086,71260,1185.75,1188.75,memory_easy
s_002/tobii,s_002.csv,s_002,tobii,3.0,25.0,,71216,71394,1188.0,1191.0,memory_easy
s_002/tobii,s_002.csv,s_002,tobii,3.0,25.0,,71350,71527,1190.25,1193.25,memory_easy
s_002/tobii,s_002.csv,s_002,tobii,3.0,25.0,,71482,71661,1192.5,1195.5,memory_easy
s_002/tobii,s_002.csv,s_002,tobii,3.0,25.0,,71616,71797,1194.75,1197.75,memory_easy
s_002/tobii,s_002.csv,s_002,tobii,3.0,25.0,,71752,71932,1197.0,1200.0,memory_easy
s_002/tobii,s_002.csv,s_002,tobii,3.0,25.0,,71887,72067,1199.25,1202.25,memory_easy
s_002/tobii,s_002.csv,s_002,tobii,3.0,25.0,,72022,72202,1201.5,1204.5,memory_easy
s_002/tobii,s_002.csv,s_002,tobii,3.0,25.0,,72157,72337,1203.75,1206.75,memory_easy
s_002/tobii,s_002.csv,s_002,tobii,3.0,25.0,,72292,72473,1206.0,1209.0,memory_easy
s_002/tobii,s_002.csv,s_002,tobii,3.0,25.0,,72428,72608,1208.25,1211.25,memory_easy
s_002/tobii,s_002.csv,s_002,tobii,3.0,25.0,,72698,72878,1212.75,1215.75,questionnaire
s_002/tobii,s_002.csv,s_002,tobii,3.0,25.0,,72833,73014,1215.0,1218.0,questionnaire
s_002/tobii,s_002.csv,s_002,tobii,3.0,25.0,,72968,73149,1217.25,1220.25,questionnaire
s_002/tobii,s_002.csv,s_002,tobii,3.0,25.0,,73104,73284,1219.5,1222.5,questionnaire
s_002/tobii,s_002.csv,s_002,tobii,3.0,25.0,,73239,73419,1221.75,1224.75,questionnaire
s_002/tobii,s_002.csv,s_002,tobii,3.0,25.0,,73374,73554,1224.0,1227.0,questionnaire
s_002/tobii,s_002.csv,s_002,tobii,3.0,25.0,,73509,73690,1226.25,1229.25,questionnaire
s_002/tobii,s_002.csv,s_002,tobii,3.0,25.0,,73645,73825,1228.5,1231.5,questionnaire
s_002/tobii,s_002.csv,s_002,tobii,3.0,25.0,,73780,73958,1230.75,1233.75,questionnaire
s_002/tobii,s_002.csv,s_002,tobii,3.0,25.0,,73915,74093,1233.0,1236.0,questionnaire
s_002/tobii,s_002.csv,s_002,tobii,3.0,25.0,,74048,74228,1235.25,1238.25,questionnaire
s_002/tobii,s_002.csv,s_002,tobii,3.0,25.0,,74183,74363,1237.5,1240.5,questionnaire
s_002/tobii,s_002.csv,s_002,tobii,3.0,25.0,,74318,74499,1239.75,1242.75,questionnaire
s_002/tobii,s_002.csv,s_002,tobii,3.0,25.0,,74454,74634,1242.0,1245.0,questionnaire
s_002/tobii,s_002.csv,s_002,tobii,3.0,25.0,,74589,74769,1244.25,1247.25,questionnaire
s_002/tobii,s_002.csv,s_002,tobii,3.0,25.0,,74724,74904,1246.5,1249.5,questionnaire
s_002/tobii,s_002.csv,s_002,tobii,3.0,25.0,,74995,75175,1251.0,1254.0,memory_difficult
s_002/tobii,s_002.csv,s_002,tobii,3.0,25.0,,75130,75310,1253.25,1256.25,memory_difficult
s_002/tobii,s_002.csv,s_002,tobii,3.0,25.0,,75265,75445,1255.5,1258.5,memory_difficult
s_002/tobii,s_002.csv,s_002,tobii,3.0,25.0,,75400,75580,1257.75,1260.75,memory_difficult
s_002/tobii,s_002.csv,s_002,tobii,3.0,25.0,,75535,75716,1260.0,1263.0,memory_difficult
s_002/tobii,s_002.csv,s_002,tobii,3.0,25.0,,75671,75851,1262.25,1265.25,memory_difficult
s_002/tobii,s_002.csv,s_002,tobii,3.0,25.0,,75806,75985,1264.5,1267.5,memory_difficult
s_002/tobii,s_002.csv,s_002,tobii,3.0,25.0,,75941,76119,1266.75,1269.75,memory_difficult
s_002/tobii,s_002.csv,s_002,tobii,3.0,25.0,,76074,76254,1269.0,1272.0,memory_difficult
s_002/tobii,s_002.csv,s_002,tobii,3.0,25.0,,76210,76388,1271.25,1274.25,memory_difficult
s_002/tobii,s_002.csv,s_002,tobii,3.0,25.0,,76344,76522,1273.5,1276.5,memory_difficult
s_002/tobii,s_002.csv,s_002,tobii,3.0,25.0,,76478,76657,1275.75,1278.75,memory_difficult
s_002/tobii,s_002.csv,s_002,tobii,3.0,25.0,,76612,76786,1278.0,1281.0,memory_difficult
s_002/tobii,s_002.csv,s_002,tobii,3.0,25.0,,76741,76921,1280.25,1283.25,memory_difficult
s_002/tobii,s_002.csv,s_002,tobii,3.0,25.0,,76877,77055,1282.5,1285.5,memory_difficult
s_002/tobii,s_002.csv,s_002,tobii,3.0,25.0,,77011,77189,1284.75,1287.75,memory_difficult
s_002/tobii,s_002.csv,s_002,tobii,3.0,25.0,,77144,77322,1287.0,1290.0,memory_difficult
s_002/tobii,s_002.csv,s_002,tobii,3.0,25.0,,77279,77456,1289.25,1292.25,memory_difficult
s_002/tobii,s_002.csv,s_002,tobii,3.0,25.0,,77411,77591,1291.5,1294.5,memory_difficult
s_002/tobii,s_002.csv,s_002,tobii,3.0,25.0,,77546,77726,1293.75,1296.75,memory_difficult
s_002/tobii,s_002.csv,s_002,tobii,3.0,25.0,,77816,77997,1298.25,1301.25,questionnaire
s_002/tobii,s_002.csv,s_002,tobii,3.0,25.0,,77952,78130,1300.5,1303.5,questionnaire
s_002/tobii,s_002.csv,s_002,tobii,3.0,25.0,,78085,78264,1302.75,1305.75,questionnaire
s_002/tobii,s_002.csv,s_002,tobii,3.0,25.0,,78220,78398,1305.0,1308.0,questionnaire
s_002/tobii,s_002.csv,s_002,tobii,3.0,25.0,,78353,78533,1307.25,1310.25,questionnaire
s_002/tobii,s_002.csv,s_002,tobii,3.0,25.0,,78488,78669,1309.5,1312.5,questionnaire
s_002/tobii,s_002.csv,s_002,tobii,3.0,25.0,,78624,78804,1311.75,1314.75,questionnaire
s_002/tobii,s_002.csv,s_002,tobii,3.0,25.0,,78759,78939,1314.0,1317.0,questionnaire
s_002/tobii,s_002.csv,s_002,tobii,3.0,25.0,,78894,79074,1316.25,1319.25,questionnaire
s_002/tobii,s_002.csv,s_002,tobii,3.0,25.0,,79029,79210,1318.5,1321.5,questionnaire
s_002/tobii,s_002.csv,s_002,tobii,3.0,25.0,,79164,79345,1320.75,1323.75,questionnaire
s_002/tobii,s_002.csv,s_002,tobii,3.0,25.0,,79300,79480,1323.0,1326.0,questionnaire
s_002/tobii,s_002.csv,s_002,tobii,3.0,25.0,,79435,79615,1325.25,1328.25,questionnaire
s_002/tobii,s_002.csv,s_002,tobii,3.0,25.0,,79570,79750,1327.5,1330.5,questionnaire
s_002/tobii,s_002.csv,s_002,tobii,3.0,25.0,,79705,79886,1329.75,1332.75,questionnaire
s_002/tobii,s_002.csv,s_002,tobii,3.0,25.0,,79841,80021,1332.0,1335.0,questionnaire
s_002/tobii,s_002.csv,s_002,tobii,3.0,25.0,,79976,80156,1334.25,1337.25,questionnaire
s_002/tobii,s_002.csv,s_002,tobii,3.0,25.0,,80111,80291,1336.5,1339.5,questionnaire
s_002/tobii,s_002.csv,s_002,tobii,3.0,25.0,,80246,80426,1338.75,1341.75,questionnaire
s_002/tobii,s_002.csv,s_002,tobii,3.0,25.0,,80381,80560,1341.0,1344.0,questionnaire
s_002/tobii,s_002.csv,s_002,tobii,3.0,25.0,,80650,80830,1345.5,1348.5,images_questions_easy
s_002/tobii,s_002.csv,s_002,tobii,3.0,25.0,,80785,80965,1347.75,1350.75,images_questions_easy
s_002/tobii,s_002.csv,s_002,tobii,3.0,25.0,,80920,81100,1350.0,1353.0,images_questions_easy
s_002/tobii,s_002.csv,s_002,tobii,3.0,25.0,,81055,81236,1352.25,1355.25,images_questions_easy
s_002/tobii,s_002.csv,s_002,tobii,3.0,25.0,,81191,81371,1354.5,1357.5,images_questions_easy
s_002/tobii,s_002.csv,s_002,tobii,3.0,25.0,,81326,81506,1356.75,1359.75,images_questions_easy
s_002/tobii,s_002.csv,s_002,tobii,3.0,25.0,,81461,81641,1359.0,1362.0,images_questions_easy
s_002/tobii,s_002.csv,s_002,tobii,3.0,25.0,,81596,81776,1361.25,1364.25,images_questions_easy
s_002/tobii,s_002.csv,s_002,tobii,3.0,25.0,,81731,81912,1363.5,1366.5,images_questions_easy
s_002/tobii,s_002.csv,s_002,tobii,3.0,25.0,,81867,82047,1365.75,1368.75,images_questions_easy
s_002/tobii,s_002.csv,s_002,tobii,3.0,25.0,,82002,82182,1368.0,1371.0,images_questions_easy
s_002/tobii,s_002.csv,s_002,tobii,3.0,25.0,,82137,82317,1370.25,1373.25,images_questions_easy
s_002/tobii,s_002.csv,s_002,tobii,3.0,25.0,,82272,82453,1372.5,1375.5,images_questions_easy
s_002/tobii,s_002.csv,s_002,tobii,3.0,25.0,,82407,82588,1374.75,1377.75,images_questions_easy
s_002/tobii,s_002.csv,s_002,tobii,3.0,25.0,,82543,82723,1377.0,1380.0,images_questions_easy
s_002/tobii,s_002.csv,s_002,tobii,3.0,25.0,,82678,82858,1379.25,1382.25,images_questions_easy
s_002/tobii,s_002.csv,s_002,tobii,3.0,25.0,,82813,82993,1381.5,1384.5,images_questions_easy
s_002/tobii,s_002.csv,s_002,tobii,3.0,25.0,,82948,83129,1383.75,1386.75,images_questions_easy
s_002/tobii,s_002.csv,s_002,tobii,3.0,25.0,,83084,83264,1386.0,1389.0,images_questions_easy
s_002/tobii,s_002.csv,s_002,tobii,3.0,25.0,,83219,83399,1388.25,1391.25,images_questions_easy
s_002/tobii,s_002.csv,s_002,tobii,3.0,25.0,,83354,83532,1390.5,1393.5,images_questions_easy
s_002/tobii,s_002.csv,s_002,tobii,3.0,25.0,,83487,83667,1392.75,1395.75,images_questions_easy
s_002/tobii,s_002.csv,s_002,tobii,3.0,25.0,,83622,83803,1395.0,1398.0,images_questions_easy
s_002/tobii,s_002.csv,s_002,tobii,3.0,25.0,,83757,83938,1397.25,1400.25,images_questions_easy
s_002/tobii,s_002.csv,s_002,tobii,3.0,25.0,,83893,84073,1399.5,1402.5,images_questions_easy
s_002/tobii,s_002.csv,s_002,tobii,3.0,25.0,,84028,84208,1401.75,1404.75,images_questions_easy
s_002/tobii,s_002.csv,s_002,tobii,3.0,25.0,,84163,84343,1404.0,1407.0,images_questions_easy
s_002/tobii,s_002.csv,s_002,tobii,3.0,25.0,,84298,84477,1406.25,1409.25,images_questions_easy
s_002/tobii,s_002.csv,s_002,tobii,3.0,25.0,,84432,84608,1408.5,1411.5,images_questions_easy
s_002/tobii,s_002.csv,s_002,tobii,3.0,25.0,,84566,84744,1410.75,1413.75,images_questions_easy
s_002/tobii,s_002.csv,s_002,tobii,3.0,25.0,,84699,84879,1413.0,1416.0,images_questions_easy
s_002/tobii,s_002.csv,s_002,tobii,3.0,25.0,,84834,85010,1415.25,1418.25,images_questions_easy
s_002/tobii,s_002.csv,s_002,tobii,3.0,25.0,,84968,85146,1417.5,1420.5,images_questions_easy
s_002/tobii,s_002.csv,s_002,tobii,3.0,25.0,,85100,85278,1419.75,1422.75,images_questions_easy
s_002/tobii,s_002.csv,s_002,tobii,3.0,25.0,,85233,85412,1422.0,1425.0,images_questions_easy
s_002/tobii,s_002.csv,s_002,tobii,3.0,25.0,,85367,85544,1424.25,1427.25,images_questions_easy
s_002/tobii,s_002.csv,s_002,tobii,3.0,25.0,,85499,85680,1426.5,1429.5,images_questions_easy
s_002/tobii,s_002.csv,s_002,tobii,3.0,25.0,,85635,85815,1428.75,1431.75,images_questions_easy
s_002/tobii,s_002.csv,s_002,tobii,3.0,25.0,,85770,85950,1431.0,1434.0,images_questions_easy
s_002/tobii,s_002.csv,s_002,tobii,3.0,25.0,,85905,86085,1433.25,1436.25,images_questions_easy
s_002/tobii,s_002.csv,s_002,tobii,3.0,25.0,,86175,86353,1437.75,1440.75,questionnaire
s_002/tobii,s_002.csv,s_002,tobii,3.0,25.0,,86311,86488,1440.0,1443.0,questionnaire
s_002/tobii,s_002.csv,s_002,tobii,3.0,25.0,,86443,86623,1442.25,1445.25,questionnaire
s_002/tobii,s_002.csv,s_002,tobii,3.0,25.0,,86578,86758,1444.5,1447.5,questionnaire
s_002/tobii,s_002.csv,s_002,tobii,3.0,25.0,,86713,86893,1446.75,1449.75,questionnaire
s_002/tobii,s_002.csv,s_002,tobii,3.0,25.0,,86848,87029,1449.0,1452.0,questionnaire
s_002/tobii,s_002.csv,s_002,tobii,3.0,25.0,,86984,87164,1451.25,1454.25,questionnaire
s_002/tobii,s_002.csv,s_002,tobii,3.0,25.0,,87119,87299,1453.5,1456.5,questionnaire
s_002/tobii,s_002.csv,s_002,tobii,3.0,25.0,,87254,87434,1455.75,1458.75,questionnaire
s_002/tobii,s_002.csv,s_002,tobii,3.0,25.0,,87389,87569,1458.0,1461.0,questionnaire
s_002/tobii,s_002.csv,s_002,tobii,3.0,25.0,,87524,87705,1460.25,1463.25,questionnaire
s_002/tobii,s_002.csv,s_002,tobii,3.0,25.0,,87660,87840,1462.5,1465.5,questionnaire
s_002/tobii,s_002.csv,s_002,tobii,3.0,25.0,,87930,88110,1467.0,1470.0,images_questions_difficult
s_002/tobii,s_002.csv,s_002,tobii,3.0,25.0,,88065,88246,1469.25,1472.25,images_questions_difficult
s_002/tobii,s_002.csv,s_002,tobii,3.0,25.0,,88200,88381,1471.5,1474.5,images_questions_difficult
s_002/tobii,s_002.csv,s_002,tobii,3.0,25.0,,88336,88516,1473.75,1476.75,images_questions_difficult
s_002/tobii,s_002.csv,s_002,tobii,3.0,25.0,,88471,88651,1476.0,1479.0,images_questions_difficult
s_002/tobii,s_002.csv,s_002,tobii,3.0,25.0,,88606,88786,1478.25,1481.25,images_questions_difficult
s_002/tobii,s_002.csv,s_002,tobii,3.0,25.0,,88741,88922,1480.5,1483.5,images_questions_difficult
s_002/tobii,s_002.csv,s_002,tobii,3.0,25.0,,88877,89057,1482.75,1485.75,images_questions_difficult
s_002/tobii,s_002.csv,s_002,tobii,3.0,25.0,,89012,89192,1485.0,1488.0,images_questions_difficult
s_002/tobii,s_002.csv,s_002,tobii,3.0,25.0,,89147,89327,1487.25,1490.25,images_questions_difficult
s_002/tobii,s_002.csv,s_002,tobii,3.0,25.0,,89282,89462,1489.5,1492.5,images_questions_difficult
s_002/tobii,s_002.csv,s_002,tobii,3.0,25.0,,89417,89598,1491.75,1494.75,images_questions_difficult
s_002/tobii,s_002.csv,s_002,tobii,3.0,25.0,,89553,89733,1494.0,1497.0,images_questions_difficult
s_002/tobii,s_002.csv,s_002,tobii,3.0,25.0,,89688,89865,1496.25,1499.25,images_questions_difficult
s_002/tobii,s_002.csv,s_002,tobii,3.0,25.0,,89820,90001,1498.5,1501.5,images_questions_difficult
s_002/tobii,s_002.csv,s_002,tobii,3.0,25.0,,89955,90136,1500.75,1503.75,images_questions_difficult
s_002/tobii,s_002.csv,s_002,tobii,3.0,25.0,,90091,90271,1503.0,1506.0,images_questions_difficult
s_002/tobii,s_002.csv,s_002,tobii,3.0,25.0,,90226,90406,1505.25,1508.25,images_questions_difficult
s_002/tobii,s_002.csv,s_002,tobii,3.0,25.0,,90361,90541,1507.5,1510.5,images_questions_difficult
s_002/tobii,s_002.csv,s_002,tobii,3.0,25.0,,90496,90677,1509.75,1512.75,images_questions_difficult
s_002/tobii,s_002.csv,s_002,tobii,3.0,25.0,,90632,90812,1512.0,1515.0,images_questions_difficult
s_002/tobii,s_002.csv,s_002,tobii,3.0,25.0,,90767,90947,1514.25,1517.25,images_questions_difficult
s_002/tobii,s_002.csv,s_002,tobii,3.0,25.0,,90902,91082,1516.5,1519.5,images_questions_difficult
s_002/tobii,s_002.csv,s_002,tobii,3.0,25.0,,91037,91217,1518.75,1521.75,images_questions_difficult
s_002/tobii,s_002.csv,s_002,tobii,3.0,25.0,,91172,91353,1521.0,1524.0,images_questions_difficult
s_002/tobii,s_002.csv,s_002,tobii,3.0,25.0,,91308,91488,1523.25,1526.25,images_questions_difficult
s_002/tobii,s_002.csv,s_002,tobii,3.0,25.0,,91443,91623,1525.5,1528.5,images_questions_difficult
s_002/tobii,s_002.csv,s_002,tobii,3.0,25.0,,91578,91756,1527.75,1530.75,images_questions_difficult
s_002/tobii,s_002.csv,s_002,tobii,3.0,25.0,,91713,91891,1530.0,1533.0,images_questions_difficult
s_002/tobii,s_002.csv,s_002,tobii,3.0,25.0,,91846,92026,1532.25,1535.25,images_questions_difficult
s_002/tobii,s_002.csv,s_002,tobii,3.0,25.0,,91981,92161,1534.5,1537.5,images_questions_difficult
s_002/tobii,s_002.csv,s_002,tobii,3.0,25.0,,92116,92296,1536.75,1539.75,images_questions_difficult
s_002/tobii,s_002.csv,s_002,tobii,3.0,25.0,,92251,92432,1539.0,1542.0,images_questions_difficult
s_002/tobii,s_002.csv,s_002,tobii,3.0,25.0,,92387,92567,1541.25,1544.25,images_questions_difficult
s_002/tobii,s_002.csv,s_002,tobii,3.0,25.0,,92522,92702,1543.5,1546.5,images_questions_difficult
s_002/tobii,s_002.csv,s_002,tobii,3.0,25.0,,92657,92833,1545.75,1548.75,images_questions_difficult
s_002/tobii,s_002.csv,s_002,tobii,3.0,25.0,,92791,92968,1548.0,1551.0,images_questions_difficult
s_002/tobii,s_002.csv,s_002,tobii,3.0,25.0,,92923,93103,1550.25,1553.25,images_questions_difficult
s_002/tobii,s_002.csv,s_002,tobii,3.0,25.0,,93058,93238,1552.5,1555.5,images_questions_difficult
s_002/tobii,s_002.csv,s_002,tobii,3.0,25.0,,93193,93374,1554.75,1557.75,images_questions_difficult
s_002/tobii,s_002.csv,s_002,tobii,3.0,25.0,,93328,93509,1557.0,1560.0,images_questions_difficult
s_002/tobii,s_002.csv,s_002,tobii,3.0,25.0,,93464,93644,1559.25,1562.25,images_questions_difficult
s_002/tobii,s_002.csv,s_002,tobii,3.0,25.0,,93599,93779,1561.5,1564.5,images_questions_difficult
s_002/tobii,s_002.csv,s_002,tobii,3.0,25.0,,93734,93914,1563.75,1566.75,images_questions_difficult
s_002/tobii,s_002.csv,s_002,tobii,3.0,25.0,,93869,94050,1566.0,1569.0,images_questions_difficult
s_002/tobii,s_002.csv,s_002,tobii,3.0,25.0,,94005,94185,1568.25,1571.25,images_questions_difficult
s_002/tobii,s_002.csv,s_002,tobii,3.0,25.0,,94140,94320,1570.5,1573.5,images_questions_difficult
s_002/tobii,s_002.csv,s_002,tobii,3.0,25.0,,94275,94455,1572.75,1575.75,images_questions_difficult
s_002/tobii,s_002.csv,s_002,tobii,3.0,25.0,,94410,94590,1575.0,1578.0,images_questions_difficult
s_002/tobii,s_002.csv,s_002,tobii,3.0,25.0,,94545,94726,1577.25,1580.25,images_questions_difficult
s_002/tobii,s_002.csv,s_002,tobii,3.0,25.0,,94681,94861,1579.5,1582.5,images_questions_difficult
s_002/tobii,s_002.csv,s_002,tobii,3.0,25.0,,94816,94995,1581.75,1584.75,images_questions_difficult
s_002/tobii,s_002.csv,s_002,tobii,3.0,25.0,,94950,95129,1584.0,1587.0,images_questions_difficult
s_002/tobii,s_002.csv,s_002,tobii,3.0,25.0,,95084,95264,1586.25,1589.25,images_questions_difficult
s_002/tobii,s_002.csv,s_002,tobii,3.0,25.0,,95485,95665,1593.0,1596.0,questionnaire
s_002/tobii,s_002.csv,s_002,tobii,3.0,25.0,,95620,95800,1595.25,1598.25,questionnaire
s_002/tobii,s_002.csv,s_002,tobii,3.0,25.0,,95755,95936,1597.5,1600.5,questionnaire
s_002/tobii,s_002.csv,s_002,tobii,3.0,25.0,,95891,96071,1599.75,1602.75,questionnaire
s_002/tobii,s_002.csv,s_002,tobii,3.0,25.0,,96026,96206,1602.0,1605.0,questionnaire
s_002/tobii,s_002.csv,s_002,tobii,3.0,25.0,,96161,96341,1604.25,1607.25,questionnaire
s_002/tobii,s_002.csv,s_002,tobii,3.0,25.0,,96296,96476,1606.5,1609.5,questionnaire
s_002/tobii,s_002.csv,s_002,tobii,3.0,25.0,,96431,96612,1608.75,1611.75,questionnaire
s_002/tobii,s_002.csv,s_002,tobii,3.0,25.0,,96567,96747,1611.0,1614.0,questionnaire
s_002/tobii,s_002.csv,s_002,tobii,3.0,25.0,,96702,96882,1613.25,1616.25,questionnaire
s_002/tobii,s_002.csv,s_002,tobii,3.0,25.0,,96837,97017,1615.5,1618.5,questionnaire
s_002/tobii,s_002.csv,s_002,tobii,3.0,25.0,,97107,97288,1620.0,1623.0,listen_music
s_002/tobii,s_002.csv,s_002,tobii,3.0,25.0,,97243,97423,1622.25,1625.25,listen_music
s_002/tobii,s_002.csv,s_002,tobii,3.0,25.0,,97378,97558,1624.5,1627.5,listen_music
s_002/tobii,s_002.csv,s_002,tobii,3.0,25.0,,97513,97692,1626.75,1629.75,listen_music
s_002/tobii,s_002.csv,s_002,tobii,3.0,25.0,,97648,97822,1629.0,1632.0,listen_music
s_002/tobii,s_002.csv,s_002,tobii,3.0,25.0,,97779,97957,1631.25,1634.25,listen_music
s_002/tobii,s_002.csv,s_002,tobii,3.0,25.0,,97912,98092,1633.5,1636.5,listen_music
s_002/tobii,s_002.csv,s_002,tobii,3.0,25.0,,98047,98227,1635.75,1638.75,listen_music
s_002/tobii,s_002.csv,s_002,tobii,3.0,25.0,,98182,98357,1638.0,1641.0,listen_music
s_002/tobii,s_002.csv,s_002,tobii,3.0,25.0,,98314,98458,1640.25,1643.25,listen_music
s_002/tobii,s_002.csv,s_002,tobii,3.0,25.0,,98425,98580,1642.5,1645.5,listen_music
s_002/tobii,s_002.csv,s_002,tobii,3.0,25.0,,98537,98715,1644.75,1647.75,listen_music
s_002/tobii,s_002.csv,s_002,tobii,3.0,25.0,,98670,98850,1647.0,1650.0,listen_music
s_002/tobii,s_002.csv,s_002,tobii,3.0,25.0,,98805,98986,1649.25,1652.25,listen_music
s_002/tobii,s_002.csv,s_002,tobii,3.0,25.0,,98940,99117,1651.5,1654.5,listen_music
s_002/tobii,s_002.csv,s_002,tobii,3.0,25.0,,99076,99253,1653.75,1656.75,listen_music
s_002/tobii,s_002.csv,s_002,tobii,3.0,25.0,,99208,99388,1656.0,1659.0,listen_music
s_002/tobii,s_002.csv,s_002,tobii,3.0,25.0,,99343,99523,1658.25,1661.25,listen_music
s_002/tobii,s_002.csv,s_002,tobii,3.0,25.0,,99478,99658,1660.5,1663.5,listen_music
s_002/tobii,s_002.csv,s_002,tobii,3.0,25.0,,99613,99794,1662.75,1665.75,listen_music
s_002/tobii,s_002.csv,s_002,tobii,3.0,25.0,,99748,99929,1665.0,1668.0,listen_music
s_002/tobii,s_002.csv,s_002,tobii,3.0,25.0,,99884,100064,1667.25,1670.25,listen_music
s_002/tobii,s_002.csv,s_002,tobii,3.0,25.0,,100019,100199,1669.5,1672.5,listen_music
s_002/tobii,s_002.csv,s_002,tobii,3.0,25.0,,100154,100334,1671.75,1674.75,listen_music
s_002/tobii,s_002.csv,s_002,tobii,3.0,25.0,,100289,100470,1674.0,1677.0,listen_music
s_002/tobii,s_002.csv,s_002,tobii,3.0,25.0,,100425,100605,1676.25,1679.25,listen_music
s_002/tobii,s_002.csv,s_002,tobii,3.0,25.0,,100560,100740,1678.5,1681.5,listen_music
s_002/tobii,s_002.csv,s_002,tobii,3.0,25.0,,100695,100875,1680.75,1683.75,listen_music
s_002/tobii,s_002.csv,s_002,tobii,3.0,25.0,,100830,101010,1683.0,1686.0,listen_music
s_002/tobii,s_002.csv,s_002,tobii,3.0,25.0,,100965,101140,1685.25,1688.25,listen_music
s_002/tobii,s_002.csv,s_002,tobii,3.0,25.0,,101095,101273,1687.5,1690.5,listen_music
s_002/tobii,s_002.csv,s_002,tobii,3.0,25.0,,101230,101403,1689.75,1692.75,listen_music
s_002/tobii,s_002.csv,s_002,tobii,3.0,25.0,,101359,101534,1692.0,1695.0,listen_music
s_002/tobii,s_002.csv,s_002,tobii,3.0,25.0,,101489,101663,1694.25,1697.25,listen_music
s_002/tobii,s_002.csv,s_002,tobii,3.0,25.0,,101618,101795,1696.5,1699.5,listen_music
s_002/tobii,s_002.csv,s_002,tobii,3.0,25.0,,101750,101930,1698.75,1701.75,listen_music
s_002/tobii,s_002.csv,s_002,tobii,3.0,25.0,,101885,102066,1701.0,1704.0,listen_music
s_002/tobii,s_002.csv,s_002,tobii,3.0,25.0,,102020,102201,1703.25,1706.25,listen_music
s_002/tobii,s_002.csv,s_002,tobii,3.0,25.0,,102156,102336,1705.5,1708.5,listen_music
s_002/tobii,s_002.csv,s_002,tobii,3.0,25.0,,102291,102471,1707.75,1710.75,listen_music
s_002/tobii,s_002.csv,s_002,tobii,3.0,25.0,,102426,102606,1710.0,1713.0,listen_music
s_002/tobii,s_002.csv,s_002,tobii,3.0,25.0,,102561,102732,1712.25,1715.25,listen_music
s_002/tobii,s_002.csv,s_002,tobii,3.0,25.0,,102690,102868,1714.5,1717.5,listen_music
s_002/tobii,s_002.csv,s_002,tobii,3.0,25.0,,102823,103003,1716.75,1719.75,listen_music
s_002/tobii,s_002.csv,s_002,tobii,3.0,25.0,,102958,103138,1719.0,1722.0,listen_music
s_002/tobii,s_002.csv,s_002,tobii,3.0,25.0,,103093,103273,1721.25,1724.25,listen_music
s_002/tobii,s_002.csv,s_002,tobii,3.0,25.0,,103228,103408,1723.5,1726.5,listen_music
s_002/tobii,s_002.csv,s_002,tobii,3.0,25.0,,103363,103544,1725.75,1728.75,listen_music
s_002/tobii,s_002.csv,s_002,tobii,3.0,25.0,,103499,103676,1728.0,1731.0,listen_music
s_002/tobii,s_002.csv,s_002,tobii,3.0,25.0,,103631,103811,1730.25,1733.25,listen_music
s_002/tobii,s_002.csv,s_002,tobii,3.0,25.0,,103766,103947,1732.5,1735.5,listen_music
s_002/tobii,s_002.csv,s_002,tobii,3.0,25.0,,103902,104082,1734.75,1737.75,listen_music
s_002/tobii,s_002.csv,s_002,tobii,3.0,25.0,,104037,104217,1737.0,1740.0,listen_music
s_002/tobii,s_002.csv,s_002,tobii,3.0,25.0,,104172,104352,1739.25,1742.25,listen_music
s_002/tobii,s_002.csv,s_002,tobii,3.0,25.0,,104307,104487,1741.5,1744.5,listen_music
s_002/tobii,s_002.csv,s_002,tobii,3.0,25.0,,104442,104623,1743.75,1746.75,listen_music
s_002/tobii,s_002.csv,s_002,tobii,3.0,25.0,,104578,104758,1746.0,1749.0,listen_music
s_002/tobii,s_002.csv,s_002,tobii,3.0,25.0,,104713,104893,1748.25,1751.25,listen_music
s_002/tobii,s_002.csv,s_002,tobii,3.0,25.0,,104848,105028,1750.5,1753.5,listen_music
s_002/tobii,s_002.csv,s_002,tobii,3.0,25.0,,104983,105164,1752.75,1755.75,listen_music
s_002/tobii,s_002.csv,s_002,tobii,3.0,25.0,,105119,105299,1755.0,1758.0,listen_music
s_002/tobii,s_002.csv,s_002,tobii,3.0,25.0,,105254,105434,1757.25,1760.25,listen_music
s_002/tobii,s_002.csv,s_002,tobii,3.0,25.0,,105389,105569,1759.5,1762.5,listen_music
s_002/tobii,s_002.csv,s_002,tobii,3.0,25.0,,105524,105704,1761.75,1764.75,listen_music
s_002/tobii,s_002.csv,s_002,tobii,3.0,25.0,,105659,105840,1764.0,1767.0,listen_music
s_002/tobii,s_002.csv,s_002,tobii,3.0,25.0,,105795,105975,1766.25,1769.25,listen_music
s_002/tobii,s_002.csv,s_002,tobii,3.0,25.0,,105930,106110,1768.5,1771.5,listen_music
s_002/tobii,s_002.csv,s_002,tobii,3.0,25.0,,106065,106245,1770.75,1773.75,listen_music
s_002/tobii,s_002.csv,s_002,tobii,3.0,25.0,,106200,106381,1773.0,1776.0,listen_music
s_002/tobii,s_002.csv,s_002,tobii,3.0,25.0,,106335,106513,1775.25,1778.25,listen_music
s_002/tobii,s_002.csv,s_002,tobii,3.0,25.0,,106603,106783,1779.75,1782.75,questionnaire
s_002/tobii,s_002.csv,s_002,tobii,3.0,25.0,,106738,106919,1782.0,1785.0,questionnaire
s_002/tobii,s_002.csv,s_002,tobii,3.0,25.0,,106874,107054,1784.25,1787.25,questionnaire
s_002/tobii,s_002.csv,s_002,tobii,3.0,25.0,,107009,107189,1786.5,1789.5,questionnaire
s_002/tobii,s_002.csv,s_002,tobii,3.0,25.0,,107144,107324,1788.75,1791.75,questionnaire
s_002/tobii,s_002.csv,s_002,tobii,3.0,25.0,,107279,107455,1791.0,1794.0,questionnaire
s_002/tobii,s_002.csv,s_002,tobii,3.0,25.0,,107410,107585,1793.25,1796.25,questionnaire
s_002/tobii,s_002.csv,s_002,tobii,3.0,25.0,,107542,107714,1795.5,1798.5,questionnaire
s_002/tobii,s_002.csv,s_002,tobii,3.0,25.0,,107671,107846,1797.75,1800.75,questionnaire
s_002/tobii,s_002.csv,s_002,tobii,3.0,25.0,,107802,107979,1800.0,1803.0,questionnaire
s_002/tobii,s_002.csv,s_002,tobii,3.0,25.0,,107934,108112,1802.25,1805.25,questionnaire
s_002/tobii,s_002.csv,s_002,tobii,3.0,25.0,,108203,108383,1806.75,1809.75,difference_images_easy
s_002/tobii,s_002.csv,s_002,tobii,3.0,25.0,,108338,108516,1809.0,1812.0,difference_images_easy
s_002/tobii,s_002.csv,s_002,tobii,3.0,25.0,,108471,108649,1811.25,1814.25,difference_images_easy
s_002/tobii,s_002.csv,s_002,tobii,3.0,25.0,,108604,108782,1813.5,1816.5,difference_images_easy
s_002/tobii,s_002.csv,s_002,tobii,3.0,25.0,,108738,108912,1815.75,1818.75,difference_images_easy
s_002/tobii,s_002.csv,s_002,tobii,3.0,25.0,,108868,109043,1818.0,1821.0,difference_images_easy
s_002/tobii,s_002.csv,s_002,tobii,3.0,25.0,,108999,109174,1820.25,1823.25,difference_images_easy
s_002/tobii,s_002.csv,s_002,tobii,3.0,25.0,,109131,109304,1822.5,1825.5,difference_images_easy
s_002/tobii,s_002.csv,s_002,tobii,3.0,25.0,,109261,109435,1824.75,1827.75,difference_images_easy
s_002/tobii,s_002.csv,s_002,tobii,3.0,25.0,,109392,109566,1827.0,1830.0,difference_images_easy
s_002/tobii,s_002.csv,s_002,tobii,3.0,25.0,,109521,109696,1829.25,1832.25,difference_images_easy
s_002/tobii,s_002.csv,s_002,tobii,3.0,25.0,,109652,109826,1831.5,1834.5,difference_images_easy
s_002/tobii,s_002.csv,s_002,tobii,3.0,25.0,,109783,109957,1833.75,1836.75,difference_images_easy
s_002/tobii,s_002.csv,s_002,tobii,3.0,25.0,,109914,110083,1836.0,1839.0,difference_images_easy
s_002/tobii,s_002.csv,s_002,tobii,3.0,25.0,,110043,110216,1838.25,1841.25,difference_images_easy
s_002/tobii,s_002.csv,s_002,tobii,3.0,25.0,,110171,110346,1840.5,1843.5,difference_images_easy
s_002/tobii,s_002.csv,s_002,tobii,3.0,25.0,,110304,110478,1842.75,1845.75,difference_images_easy
s_002/tobii,s_002.csv,s_002,tobii,3.0,25.0,,110435,110607,1845.0,1848.0,difference_images_easy
s_002/tobii,s_002.csv,s_002,tobii,3.0,25.0,,110563,110736,1847.25,1850.25,difference_images_easy
s_002/tobii,s_002.csv,s_002,tobii,3.0,25.0,,110692,110867,1849.5,1852.5,difference_images_easy
s_002/tobii,s_002.csv,s_002,tobii,3.0,25.0,,110824,110996,1851.75,1854.75,difference_images_easy
s_002/tobii,s_002.csv,s_002,tobii,3.0,25.0,,110952,111124,1854.0,1857.0,difference_images_easy
s_002/tobii,s_002.csv,s_002,tobii,3.0,25.0,,111081,111255,1856.25,1859.25,difference_images_easy
s_002/tobii,s_002.csv,s_002,tobii,3.0,25.0,,111211,111387,1858.5,1861.5,difference_images_easy
s_002/tobii,s_002.csv,s_002,tobii,3.0,25.0,,111344,111519,1860.75,1863.75,difference_images_easy
s_002/tobii,s_002.csv,s_002,tobii,3.0,25.0,,111476,111646,1863.0,1866.0,difference_images_easy
s_002/tobii,s_002.csv,s_002,tobii,3.0,25.0,,111860,112036,1869.75,1872.75,questionnaire
s_002/tobii,s_002.csv,s_002,tobii,3.0,25.0,,111992,112169,1872.0,1875.0,questionnaire
s_002/tobii,s_002.csv,s_002,tobii,3.0,25.0,,112124,112303,1874.25,1877.25,questionnaire
s_002/tobii,s_002.csv,s_002,tobii,3.0,25.0,,112258,112438,1876.5,1879.5,questionnaire
s_002/tobii,s_002.csv,s_002,tobii,3.0,25.0,,112394,112564,1878.75,1881.75,questionnaire
s_002/tobii,s_002.csv,s_002,tobii,3.0,25.0,,112521,112693,1881.0,1884.0,questionnaire
s_002/tobii,s_002.csv,s_002,tobii,3.0,25.0,,112649,112824,1883.25,1886.25,questionnaire
s_002/tobii,s_002.csv,s_002,tobii,3.0,25.0,,112780,112953,1885.5,1888.5,questionnaire
s_002/tobii,s_002.csv,s_002,tobii,3.0,25.0,,112911,113080,1887.75,1890.75,questionnaire
s_002/tobii,s_002.csv,s_002,tobii,3.0,25.0,,113166,113343,1892.25,1895.25,difference_images_difficult
s_002/tobii,s_002.csv,s_002,tobii,3.0,25.0,,113298,113472,1894.5,1897.5,difference_images_difficult
s_002/tobii,s_002.csv,s_002,tobii,3.0,25.0,,113430,113604,1896.75,1899.75,difference_images_difficult
s_002/tobii,s_002.csv,s_002,tobii,3.0,25.0,,113559,113733,1899.0,1902.0,difference_images_difficult
s_002/tobii,s_002.csv,s_002,tobii,3.0,25.0,,113690,113862,1901.25,1904.25,difference_images_difficult
s_002/tobii,s_002.csv,s_002,tobii,3.0,25.0,,113819,113991,1903.5,1906.5,difference_images_difficult
s_002/tobii,s_002.csv,s_002,tobii,3.0,25.0,,113948,114126,1905.75,1908.75,difference_images_difficult
s_002/tobii,s_002.csv,s_002,tobii,3.0,25.0,,114081,114261,1908.0,1911.0,difference_images_difficult
s_002/tobii,s_002.csv,s_002,tobii,3.0,25.0,,114216,114396,1910.25,1913.25,difference_images_difficult
s_002/tobii,s_002.csv,s_002,tobii,3.0,25.0,,114351,114532,1912.5,1915.5,difference_images_difficult
s_002/tobii,s_002.csv,s_002,tobii,3.0,25.0,,114487,114667,1914.75,1917.75,difference_images_difficult
s_002/tobii,s_002.csv,s_002,tobii,3.0,25.0,,114622,114802,1917.0,1920.0,difference_images_difficult
s_002/tobii,s_002.csv,s_002,tobii,3.0,25.0,,114757,114937,1919.25,1922.25,difference_images_difficult
s_002/tobii,s_002.csv,s_002,tobii,3.0,25.0,,114892,115072,1921.5,1924.5,difference_images_difficult
s_002/tobii,s_002.csv,s_002,tobii,3.0,25.0,,115027,115208,1923.75,1926.75,difference_images_difficult
s_002/tobii,s_002.csv,s_002,tobii,3.0,25.0,,115163,115343,1926.0,1929.0,difference_images_difficult
s_002/tobii,s_002.csv,s_002,tobii,3.0,25.0,,115298,115478,1928.25,1931.25,difference_images_difficult
s_002/tobii,s_002.csv,s_002,tobii,3.0,25.0,,115433,115613,1930.5,1933.5,difference_images_difficult
s_002/tobii,s_002.csv,s_002,tobii,3.0,25.0,,115568,115749,1932.75,1935.75,difference_images_difficult
s_002/tobii,s_002.csv,s_002,tobii,3.0,25.0,,115703,115884,1935.0,1938.0,difference_images_difficult
s_002/tobii,s_002.csv,s_002,tobii,3.0,25.0,,115839,116019,1937.25,1940.25,difference_images_difficult
s_002/tobii,s_002.csv,s_002,tobii,3.0,25.0,,115974,116154,1939.5,1942.5,difference_images_difficult
s_002/tobii,s_002.csv,s_002,tobii,3.0,25.0,,116109,116289,1941.75,1944.75,difference_images_difficult
s_002/tobii,s_002.csv,s_002,tobii,3.0,25.0,,116244,116425,1944.0,1947.0,difference_images_difficult
s_002/tobii,s_002.csv,s_002,tobii,3.0,25.0,,116380,116560,1946.25,1949.25,difference_images_difficult
s_002/tobii,s_002.csv,s_002,tobii,3.0,25.0,,116515,116695,1948.5,1951.5,difference_images_difficult
s_002/tobii,s_002.csv,s_002,tobii,3.0,25.0,,116783,116962,1953.0,1956.0,questionnaire
s_002/tobii,s_002.csv,s_002,tobii,3.0,25.0,,116917,117097,1955.25,1958.25,questionnaire
s_002/tobii,s_002.csv,s_002,tobii,3.0,25.0,,117052,117233,1957.5,1960.5,questionnaire
s_002/tobii,s_002.csv,s_002,tobii,3.0,25.0,,117188,117368,1959.75,1962.75,questionnaire
s_002/tobii,s_002.csv,s_002,tobii,3.0,25.0,,117323,117503,1962.0,1965.0,questionnaire
s_002/tobii,s_002.csv,s_002,tobii,3.0,25.0,,117458,117638,1964.25,1967.25,questionnaire
s_002/tobii,s_002.csv,s_002,tobii,3.0,25.0,,117593,117774,1966.5,1969.5,questionnaire
s_002/tobii,s_002.csv,s_002,tobii,3.0,25.0,,117728,117909,1968.75,1971.75,questionnaire
s_002/tobii,s_002.csv,s_002,tobii,3.0,25.0,,117864,118044,1971.0,1974.0,questionnaire
s_002/tobii,s_002.csv,s_002,tobii,3.0,25.0,,117999,118179,1973.25,1976.25,questionnaire
s_002/tobii,s_002.csv,s_002,tobii,3.0,25.0,,118134,118314,1975.5,1978.5,questionnaire
s_002/tobii,s_002.csv,s_002,tobii,3.0,25.0,,118269,118450,1977.75,1980.75,questionnaire
s_002/tobii,s_002.csv,s_002,tobii,3.0,25.0,,118405,118585,1980.0,1983.0,questionnaire
s_002/tobii,s_002.csv,s_002,tobii,3.0,25.0,,118540,118720,1982.25,1985.25,questionnaire
s_002/tobii,s_002.csv,s_002,tobii,3.0,25.0,,118675,118855,1984.5,1987.5,questionnaire
s_002/tobii,s_002.csv,s_002,tobii,3.0,25.0,,118810,118990,1986.75,1989.75,questionnaire
s_002/tobii,s_002.csv,s_002,tobii,3.0,25.0,,118945,119126,1989.0,1992.0,questionnaire
s_002/tobii,s_002.csv,s_002,tobii,3.0,25.0,,119081,119257,1991.25,1994.25,questionnaire
s_002/tobii,s_002.csv,s_002,tobii,3.0,25.0,,119213,119388,1993.5,1996.5,questionnaire
s_002/tobii,s_002.csv,s_002,tobii,3.0,25.0,,119344,119521,1995.75,1998.75,questionnaire
s_002/tobii,s_002.csv,s_002,tobii,3.0,25.0,,119476,119654,1998.0,2001.0,questionnaire
s_002/tobii,s_002.csv,s_002,tobii,3.0,25.0,,119610,119785,2000.25,2003.25,questionnaire
s_002/tobii,s_002.csv,s_002,tobii,3.0,25.0,,119742,119916,2002.5,2005.5,questionnaire
s_002/tobii,s_002.csv,s_002,tobii,3.0,25.0,,119872,120048,2004.75,2007.75,questionnaire
s_002/tobii,s_002.csv,s_002,tobii,3.0,25.0,,120004,120182,2007.0,2010.0,questionnaire
s_002/tobii,s_002.csv,s_002,tobii,3.0,25.0,,120138,120318,2009.25,2012.25,questionnaire
s_002/tobii,s_002.csv,s_002,tobii,3.0,25.0,,120408,120588,2013.75,2016.75,pursuit_easy
s_002/tobii,s_002.csv,s_002,tobii,3.0,25.0,,120542,120721,2016.0,2019.0,pursuit_easy
s_002/tobii,s_002.csv,s_002,tobii,3.0,25.0,,120677,120855,2018.25,2021.25,pursuit_easy
s_002/tobii,s_002.csv,s_002,tobii,3.0,25.0,,120811,120989,2020.5,2023.5,pursuit_easy
s_002/tobii,s_002.csv,s_002,tobii,3.0,25.0,,120945,121121,2022.75,2025.75,pursuit_easy
s_002/tobii,s_002.csv,s_002,tobii,3.0,25.0,,121078,121254,2025.0,2028.0,pursuit_easy
s_002/tobii,s_002.csv,s_002,tobii,3.0,25.0,,121209,121389,2027.25,2030.25,pursuit_easy
s_002/tobii,s_002.csv,s_002,tobii,3.0,25.0,,121344,121524,2029.5,2032.5,pursuit_easy
s_002/tobii,s_002.csv,s_002,tobii,3.0,25.0,,121479,121660,2031.75,2034.75,pursuit_easy
s_002/tobii,s_002.csv,s_002,tobii,3.0,25.0,,121615,121793,2034.0,2037.0,pursuit_easy
s_002/tobii,s_002.csv,s_002,tobii,3.0,25.0,,121748,121928,2036.25,2039.25,pursuit_easy
s_002/tobii,s_002.csv,s_002,tobii,3.0,25.0,,121883,122063,2038.5,2041.5,pursuit_easy
s_002/tobii,s_002.csv,s_002,tobii,3.0,25.0,,122018,122199,2040.75,2043.75,pursuit_easy
s_002/tobii,s_002.csv,s_002,tobii,3.0,25.0,,122154,122334,2043.0,2046.0,pursuit_easy
s_002/tobii,s_002.csv,s_002,tobii,3.0,25.0,,122289,122469,2045.25,2048.25,pursuit_easy
s_002/tobii,s_002.csv,s_002,tobii,3.0,25.0,,122424,122604,2047.5,2050.5,pursuit_easy
s_002/tobii,s_002.csv,s_002,tobii,3.0,25.0,,122559,122740,2049.75,2052.75,pursuit_easy
s_002/tobii,s_002.csv,s_002,tobii,3.0,25.0,,122694,122875,2052.0,2055.0,pursuit_easy
s_002/tobii,s_002.csv,s_002,tobii,3.0,25.0,,122830,123010,2054.25,2057.25,pursuit_easy
s_002/tobii,s_002.csv,s_002,tobii,3.0,25.0,,122965,123145,2056.5,2059.5,pursuit_easy
s_002/tobii,s_002.csv,s_002,tobii,3.0,25.0,,123100,123280,2058.75,2061.75,pursuit_easy
s_002/tobii,s_002.csv,s_002,tobii,3.0,25.0,,123235,123416,2061.0,2064.0,pursuit_easy
s_002/tobii,s_002.csv,s_002,tobii,3.0,25.0,,123371,123551,2063.25,2066.25,pursuit_easy
s_002/tobii,s_002.csv,s_002,tobii,3.0,25.0,,123506,123686,2065.5,2068.5,pursuit_easy
s_002/tobii,s_002.csv,s_002,tobii,3.0,25.0,,123641,123817,2067.75,2070.75,pursuit_easy
s_002/tobii,s_002.csv,s_002,tobii,3.0,25.0,,123775,123942,2070.0,2073.0,pursuit_easy
s_002/tobii,s_002.csv,s_002,tobii,3.0,25.0,,124027,124205,2074.5,2077.5,questionnaire
s_002/tobii,s_002.csv,s_002,tobii,3.0,25.0,,124160,124340,2076.75,2079.75,questionnaire
s_002/tobii,s_002.csv,s_002,tobii,3.0,25.0,,124295,124475,2079.0,2082.0,questionnaire
s_002/tobii,s_002.csv,s_002,tobii,3.0,25.0,,124430,124610,2081.25,2084.25,questionnaire
s_002/tobii,s_002.csv,s_002,tobii,3.0,25.0,,124565,124745,2083.5,2086.5,questionnaire
s_002/tobii,s_002.csv,s_002,tobii,3.0,25.0,,124700,124881,2085.75,2088.75,questionnaire
s_002/tobii,s_002.csv,s_002,tobii,3.0,25.0,,124835,125016,2088.0,2091.0,questionnaire
s_002/tobii,s_002.csv,s_002,tobii,3.0,25.0,,124971,125151,2090.25,2093.25,questionnaire
s_002/tobii,s_002.csv,s_002,tobii,3.0,25.0,,125106,125286,2092.5,2095.5,questionnaire
s_002/tobii,s_002.csv,s_002,tobii,3.0,25.0,,125241,125421,2094.75,2097.75,questionnaire
s_002/tobii,s_002.csv,s_002,tobii,3.0,25.0,,125376,125557,2097.0,2100.0,questionnaire
s_002/tobii,s_002.csv,s_002,tobii,3.0,25.0,,125512,125692,2099.25,2102.25,questionnaire
s_002/tobii,s_002.csv,s_002,tobii,3.0,25.0,,125647,125824,2101.5,2104.5,questionnaire
s_002/tobii,s_002.csv,s_002,tobii,3.0,25.0,,125782,125956,2103.75,2106.75,questionnaire
s_002/tobii,s_002.csv,s_002,tobii,3.0,25.0,,125913,126091,2106.0,2109.0,questionnaire
s_002/tobii,s_002.csv,s_002,tobii,3.0,25.0,,126181,126361,2110.5,2113.5,pursuit_difficult
s_002/tobii,s_002.csv,s_002,tobii,3.0,25.0,,126316,126496,2112.75,2115.75,pursuit_difficult
s_002/tobii,s_002.csv,s_002,tobii,3.0,25.0,,126451,126632,2115.0,2118.0,pursuit_difficult
s_002/tobii,s_002.csv,s_002,tobii,3.0,25.0,,126587,126767,2117.25,2120.25,pursuit_difficult
s_002/tobii,s_002.csv,s_002,tobii,3.0,25.0,,126722,126902,2119.5,2122.5,pursuit_difficult
s_002/tobii,s_002.csv,s_002,tobii,3.0,25.0,,126857,127037,2121.75,2124.75,pursuit_difficult
s_002/tobii,s_002.csv,s_002,tobii,3.0,25.0,,126992,127172,2124.0,2127.0,pursuit_difficult
s_002/tobii,s_002.csv,s_002,tobii,3.0,25.0,,127127,127308,2126.25,2129.25,pursuit_difficult
s_002/tobii,s_002.csv,s_002,tobii,3.0,25.0,,127263,127443,2128.5,2131.5,pursuit_difficult
s_002/tobii,s_002.csv,s_002,tobii,3.0,25.0,,127398,127578,2130.75,2133.75,pursuit_difficult
s_002/tobii,s_002.csv,s_002,tobii,3.0,25.0,,127533,127713,2133.0,2136.0,pursuit_difficult
s_002/tobii,s_002.csv,s_002,tobii,3.0,25.0,,127668,127849,2135.25,2138.25,pursuit_difficult
s_002/tobii,s_002.csv,s_002,tobii,3.0,25.0,,127803,127984,2137.5,2140.5,pursuit_difficult
s_002/tobii,s_002.csv,s_002,tobii,3.0,25.0,,127939,128119,2139.75,2142.75,pursuit_difficult
s_002/tobii,s_002.csv,s_002,tobii,3.0,25.0,,128074,128254,2142.0,2145.0,pursuit_difficult
s_002/tobii,s_002.csv,s_002,tobii,3.0,25.0,,128209,128389,2144.25,2147.25,pursuit_difficult
s_002/tobii,s_002.csv,s_002,tobii,3.0,25.0,,128344,128525,2146.5,2149.5,pursuit_difficult
s_002/tobii,s_002.csv,s_002,tobii,3.0,25.0,,128480,128657,2148.75,2151.75,pursuit_difficult
s_002/tobii,s_002.csv,s_002,tobii,3.0,25.0,,128612,128790,2151.0,2154.0,pursuit_difficult
s_002/tobii,s_002.csv,s_002,tobii,3.0,25.0,,128746,128926,2153.25,2156.25,pursuit_difficult
s_002/tobii,s_002.csv,s_002,tobii,3.0,25.0,,128881,129061,2155.5,2158.5,pursuit_difficult
s_002/tobii,s_002.csv,s_002,tobii,3.0,25.0,,129016,129196,2157.75,2160.75,pursuit_difficult
s_002/tobii,s_002.csv,s_002,tobii,3.0,25.0,,129151,129331,2160.0,2163.0,pursuit_difficult
s_002/tobii,s_002.csv,s_002,tobii,3.0,25.0,,129286,129461,2162.25,2165.25,pursuit_difficult
s_002/tobii,s_002.csv,s_002,tobii,3.0,25.0,,129416,129596,2164.5,2167.5,pursuit_difficult
s_002/tobii,s_002.csv,s_002,tobii,3.0,25.0,,129551,129732,2166.75,2169.75,pursuit_difficult
s_002/tobii,s_002.csv,s_002,tobii,3.0,25.0,,129687,129863,2169.0,2172.0,pursuit_difficult
s_002/tobii,s_002.csv,s_002,tobii,3.0,25.0,,129819,129993,2171.25,2174.25,pursuit_difficult
s_002/tobii,s_002.csv,s_002,tobii,3.0,25.0,,130082,130261,2175.75,2178.75,questionnaire
s_002/tobii,s_002.csv,s_002,tobii,3.0,25.0,,130217,130395,2178.0,2181.0,questionnaire
s_002/tobii,s_002.csv,s_002,tobii,3.0,25.0,,130351,130526,2180.25,2183.25,questionnaire
s_002/tobii,s_002.csv,s_002,tobii,3.0,25.0,,130484,130660,2182.5,2185.5,questionnaire
s_002/tobii,s_002.csv,s_002,tobii,3.0,25.0,,130616,130795,2184.75,2187.75,questionnaire
s_002/tobii,s_002.csv,s_002,tobii,3.0,25.0,,130749,130929,2187.0,2190.0,questionnaire
s_002/tobii,s_002.csv,s_002,tobii,3.0,25.0,,130884,131051,2189.25,2192.25,questionnaire
s_002/tobii,s_002.csv,s_002,tobii,3.0,25.0,,131006,131186,2191.5,2194.5,questionnaire
s_002/tobii,s_002.csv,s_002,tobii,3.0,25.0,,131141,131322,2193.75,2196.75,questionnaire
s_002/tobii,s_002.csv,s_002,tobii,3.0,25.0,,131277,131449,2196.0,2199.0,questionnaire
s_002/tobii,s_002.csv,s_002,tobii,3.0,25.0,,131675,131849,2202.75,2205.75,passive_viewing
s_002/tobii,s_002.csv,s_002,tobii,3.0,25.0,,131805,131981,2205.0,2208.0,passive_viewing
s_002/tobii,s_002.csv,s_002,tobii,3.0,25.0,,131937,132112,2207.25,2210.25,passive_viewing
s_002/tobii,s_002.csv,s_002,tobii,3.0,25.0,,132067,132248,2209.5,2212.5,passive_viewing
s_002/tobii,s_002.csv,s_002,tobii,3.0,25.0,,132202,132383,2211.75,2214.75,passive_viewing
s_002/tobii,s_002.csv,s_002,tobii,3.0,25.0,,132338,132518,2214.0,2217.0,passive_viewing
s_002/tobii,s_002.csv,s_002,tobii,3.0,25.0,,132473,132653,2216.25,2219.25,passive_viewing
s_002/tobii,s_002.csv,s_002,tobii,3.0,25.0,,132608,132788,2218.5,2221.5,passive_viewing
s_002/tobii,s_002.csv,s_002,tobii,3.0,25.0,,132743,132924,2220.75,2223.75,passive_viewing
s_002/tobii,s_002.csv,s_002,tobii,3.0,25.0,,132878,133059,2223.0,2226.0,passive_viewing
s_002/tobii,s_002.csv,s_002,tobii,3.0,25.0,,133014,133194,2225.25,2228.25,passive_viewing
s_002/tobii,s_002.csv,s_002,tobii,3.0,25.0,,133149,133329,2227.5,2230.5,passive_viewing
s_002/tobii,s_002.csv,s_002,tobii,3.0,25.0,,133284,133464,2229.75,2232.75,passive_viewing
s_002/tobii,s_002.csv,s_002,tobii,3.0,25.0,,133419,133600,2232.0,2235.0,passive_viewing
s_002/tobii,s_002.csv,s_002,tobii,3.0,25.0,,133555,133735,2234.25,2237.25,passive_viewing
s_002/tobii,s_002.csv,s_002,tobii,3.0,25.0,,133690,133870,2236.5,2239.5,passive_viewing
s_002/tobii,s_002.csv,s_002,tobii,3.0,25.0,,133825,134005,2238.75,2241.75,passive_viewing
s_002/tobii,s_002.csv,s_002,tobii,3.0,25.0,,133960,134141,2241.0,2244.0,passive_viewing
s_002/tobii,s_002.csv,s_002,tobii,3.0,25.0,,134095,134276,2243.25,2246.25,passive_viewing
s_002/tobii,s_002.csv,s_002,tobii,3.0,25.0,,134231,134411,2245.5,2248.5,passive_viewing
s_002/tobii,s_002.csv,s_002,tobii,3.0,25.0,,134366,134546,2247.75,2250.75,passive_viewing
s_002/tobii,s_002.csv,s_002,tobii,3.0,25.0,,134501,134681,2250.0,2253.0,passive_viewing
s_002/tobii,s_002.csv,s_002,tobii,3.0,25.0,,134636,134817,2252.25,2255.25,passive_viewing
s_002/tobii,s_002.csv,s_002,tobii,3.0,25.0,,134772,134952,2254.5,2257.5,passive_viewing
s_002/tobii,s_002.csv,s_002,tobii,3.0,25.0,,134907,135087,2256.75,2259.75,passive_viewing
s_002/tobii,s_002.csv,s_002,tobii,3.0,25.0,,135042,135222,2259.0,2262.0,passive_viewing
s_002/tobii,s_002.csv,s_002,tobii,3.0,25.0,,135177,135357,2261.25,2264.25,passive_viewing
s_002/tobii,s_002.csv,s_002,tobii,3.0,25.0,,135312,135493,2263.5,2266.5,passive_viewing
s_002/tobii,s_002.csv,s_002,tobii,3.0,25.0,,135448,135628,2265.75,2268.75,passive_viewing
s_002/tobii,s_002.csv,s_002,tobii,3.0,25.0,,135583,135763,2268.0,2271.0,passive_viewing
s_002/tobii,s_002.csv,s_002,tobii,3.0,25.0,,135718,135898,2270.25,2273.25,passive_viewing
s_002/tobii,s_002.csv,s_002,tobii,3.0,25.0,,135853,136034,2272.5,2275.5,passive_viewing
s_002/tobii,s_002.csv,s_002,tobii,3.0,25.0,,135988,136169,2274.75,2277.75,passive_viewing
s_002/tobii,s_002.csv,s_002,tobii,3.0,25.0,,136124,136304,2277.0,2280.0,passive_viewing
s_002/tobii,s_002.csv,s_002,tobii,3.0,25.0,,136259,136439,2279.25,2282.25,passive_viewing
s_002/tobii,s_002.csv,s_002,tobii,3.0,25.0,,136394,136574,2281.5,2284.5,passive_viewing
s_002/tobii,s_002.csv,s_002,tobii,3.0,25.0,,136529,136710,2283.75,2286.75,passive_viewing
s_002/tobii,s_002.csv,s_002,tobii,3.0,25.0,,136665,136845,2286.0,2289.0,passive_viewing
s_002/tobii,s_002.csv,s_002,tobii,3.0,25.0,,136800,136980,2288.25,2291.25,passive_viewing
s_002/tobii,s_002.csv,s_002,tobii,3.0,25.0,,136935,137115,2290.5,2293.5,passive_viewing
s_002/tobii,s_002.csv,s_002,tobii,3.0,25.0,,137070,137250,2292.75,2295.75,passive_viewing
s_002/tobii,s_002.csv,s_002,tobii,3.0,25.0,,137205,137386,2295.0,2298.0,passive_viewing
s_002/tobii,s_002.csv,s_002,tobii,3.0,25.0,,137341,137521,2297.25,2300.25,passive_viewing
s_002/tobii,s_002.csv,s_002,tobii,3.0,25.0,,137476,137656,2299.5,2302.5,passive_viewing
s_002/tobii,s_002.csv,s_002,tobii,3.0,25.0,,137611,137791,2301.75,2304.75,passive_viewing
s_002/tobii,s_002.csv,s_002,tobii,3.0,25.0,,137746,137927,2304.0,2307.0,passive_viewing
s_002/tobii,s_002.csv,s_002,tobii,3.0,25.0,,137881,138062,2306.25,2309.25,passive_viewing
s_002/tobii,s_002.csv,s_002,tobii,3.0,25.0,,138017,138197,2308.5,2311.5,passive_viewing
s_002/tobii,s_002.csv,s_002,tobii,3.0,25.0,,138152,138332,2310.75,2313.75,passive_viewing
s_002/tobii,s_002.csv,s_002,tobii,3.0,25.0,,138287,138467,2313.0,2316.0,passive_viewing
s_002/tobii,s_002.csv,s_002,tobii,3.0,25.0,,138422,138603,2315.25,2318.25,passive_viewing
s_002/tobii,s_002.csv,s_002,tobii,3.0,25.0,,138558,138738,2317.5,2320.5,passive_viewing
s_002/tobii,s_002.csv,s_002,tobii,3.0,25.0,,138693,138873,2319.75,2322.75,passive_viewing
s_002/tobii,s_002.csv,s_002,tobii,3.0,25.0,,138828,139008,2322.0,2325.0,passive_viewing
s_002/tobii,s_002.csv,s_002,tobii,3.0,25.0,,138963,139144,2324.25,2327.25,passive_viewing
s_002/tobii,s_002.csv,s_002,tobii,3.0,25.0,,139098,139279,2326.5,2329.5,passive_viewing
s_002/tobii,s_002.csv,s_002,tobii,3.0,25.0,,139234,139413,2328.75,2331.75,passive_viewing
s_002/tobii,s_002.csv,s_002,tobii,3.0,25.0,,139369,139544,2331.0,2334.0,passive_viewing
s_002/tobii,s_002.csv,s_002,tobii,3.0,25.0,,139499,139680,2333.25,2336.25,passive_viewing
s_002/tobii,s_002.csv,s_002,tobii,3.0,25.0,,139634,139810,2335.5,2338.5,passive_viewing
s_002/tobii,s_002.csv,s_002,tobii,3.0,25.0,,139768,139945,2337.75,2340.75,passive_viewing
s_002/tobii,s_002.csv,s_002,tobii,3.0,25.0,,139900,140079,2340.0,2343.0,passive_viewing
s_002/tobii,s_002.csv,s_002,tobii,3.0,25.0,,140034,140214,2342.25,2345.25,passive_viewing
s_002/tobii,s_002.csv,s_002,tobii,3.0,25.0,,140169,140349,2344.5,2347.5,passive_viewing
s_002/tobii,s_002.csv,s_002,tobii,3.0,25.0,,140304,140484,2346.75,2349.75,passive_viewing
s_002/tobii,s_002.csv,s_002,tobii,3.0,25.0,,140439,140619,2349.0,2352.0,passive_viewing
s_002/tobii,s_002.csv,s_002,tobii,3.0,25.0,,140574,140752,2351.25,2354.25,passive_viewing
s_002/tobii,s_002.csv,s_002,tobii,3.0,25.0,,140707,140886,2353.5,2356.5,passive_viewing
s_002/tobii,s_002.csv,s_002,tobii,3.0,25.0,,140842,141021,2355.75,2358.75,passive_viewing
s_002/tobii,s_002.csv,s_002,tobii,3.0,25.0,,140976,141155,2358.0,2361.0,passive_viewing
s_002/tobii,s_002.csv,s_002,tobii,3.0,25.0,,141110,141289,2360.25,2363.25,passive_viewing
s_002/tobii,s_002.csv,s_002,tobii,3.0,25.0,,141244,141421,2362.5,2365.5,passive_viewing
s_002/tobii,s_002.csv,s_002,tobii,3.0,25.0,,141377,141555,2364.75,2367.75,passive_viewing
s_002/tobii,s_002.csv,s_002,tobii,3.0,25.0,,141510,141689,2367.0,2370.0,passive_viewing
s_002/tobii,s_002.csv,s_002,tobii,3.0,25.0,,141644,141824,2369.25,2372.25,passive_viewing
s_002/tobii,s_002.csv,s_002,tobii,3.0,25.0,,141779,141959,2371.5,2374.5,passive_viewing
s_002/tobii,s_002.csv,s_002,tobii,3.0,25.0,,141914,142094,2373.75,2376.75,passive_viewing
s_002/tobii,s_002.csv,s_002,tobii,3.0,25.0,,142049,142228,2376.0,2379.0,passive_viewing
s_002/tobii,s_002.csv,s_002,tobii,3.0,25.0,,142184,142362,2378.25,2381.25,passive_viewing
